performance_id,outlet_id,period,revenue,previous_revenue,target_revenue,orders,customers,revenue_growth,target_achievement,aov,health_score,performance_status
P00001,O0001,2026-08,16020.58,23044.83,16804.16,38,38,-30.48,95.34,421.59,77,Good
P00002,O0002,2026-08,18444.23,20131.62,19266.71,34,34,-8.38,95.73,542.48,70,Good
P00003,O0003,2026-08,15635.05,21509.34,17055.05,30,30,-27.31,91.67,521.17,72,Good
P00004,O0004,2026-08,20639.59,17974.52,20470.96,39,39,14.83,100.82,529.22,84,Good
P00005,O0005,2026-08,22398.43,28991.14,23380.59,50,50,-22.74,95.8,447.97,78,Good
P00006,O0006,2026-08,28913.329999999998,20895.670000000002,27517.76,52,52,38.37,105.07,556.03,99,Excellent
P00007,O0007,2026-08,25807.44,24650.02,28552.67,40,40,4.7,90.39,645.19,71,Good
P00008,O0008,2026-08,19929.100000000002,23830.57,19574.62,34,34,-16.37,101.81,586.15,77,Good
P00009,O0009,2026-08,25620.65,23181.66,25667.54,43,43,10.52,99.82,595.83,76,Good
P00010,O0010,2026-08,29402.77,17577.18,28503.67,55,55,67.28,103.15,534.6,92,Excellent
P00011,O0011,2026-08,17821.24,24645.02,19266.49,33,33,-27.69,92.5,540.04,76,Good
P00012,O0012,2026-08,18228.25,23634.13,19994.6,33,33,-22.87,91.17,552.37,65,Average
P00013,O0013,2026-08,21475.46,29267.18,20819.94,34,34,-26.62,103.15,631.63,81,Good
P00014,O0014,2026-08,20408.72,22026.489999999998,20734.64,40,40,-7.34,98.43,510.22,84,Good
P00015,O0015,2026-08,15064.039999999999,16714.02,16808.13,33,33,-9.87,89.62,456.49,77,Good
P00016,O0016,2026-08,26976.74,16539.95,26353.22,45,45,63.1,102.37,599.48,86,Excellent
P00017,O0017,2026-08,32772.9,15910.91,31820.69,64,64,105.98,102.99,512.08,96,Excellent
P00018,O0018,2026-08,18454.45,25619.62,18738.15,40,40,-27.97,98.49,461.36,70,Good
P00019,O0019,2026-08,21192.39,27141.2,23086.53,35,35,-21.92,91.8,605.5,62,Average
P00020,O0020,2026-08,19061.45,27278.49,18513.9,37,37,-30.12,102.96,515.17,82,Good
P00021,O0021,2026-08,8713.289999999999,8117.84,8542.95,16,16,7.34,101.99,544.58,87,Excellent
P00022,O0022,2026-08,11728.61,8040.12,11444.73,21,21,45.88,102.48,558.51,95,Excellent
P00023,O0023,2026-08,9589.03,15997.460000000001,9568.32,17,17,-40.06,100.22,564.06,78,Good
P00024,O0024,2026-08,16358.0,6453.3099999999995,17539.58,24,24,153.48,93.26,681.58,93,Excellent
P00025,O0025,2026-08,14349.48,14128.5,15915.24,20,20,1.56,90.16,717.47,70,Good
P00026,O0026,2026-08,10901.41,20038.39,10417.88,16,16,-45.6,104.64,681.34,71,Good
P00027,O0027,2026-08,11440.18,12974.18,12197.47,18,18,-11.82,93.79,635.57,78,Good
P00028,O0028,2026-08,15504.16,17357.69,15896.4,28,28,-10.68,97.53,553.72,75,Good
P00029,O0029,2026-08,12294.59,11861.09,13330.26,17,17,3.65,92.23,723.21,79,Good
P00030,O0030,2026-08,7372.74,13695.03,7171.17,17,17,-46.16,102.81,433.69,75,Good
P00031,O0031,2026-08,21210.05,18124.07,22971.4,40,40,17.03,92.33,530.25,86,Excellent
P00032,O0032,2026-08,31906.260000000002,26438.34,32052.88,54,54,20.68,99.54,590.86,81,Good
P00033,O0033,2026-08,21315.51,26932.03,20617.8,47,47,-20.85,103.38,453.52,77,Good
P00034,O0034,2026-08,27062.15,26219.61,26684.8,56,56,3.21,101.41,483.25,83,Good
P00035,O0035,2026-08,20568.24,23832.84,22064.9,42,42,-13.7,93.22,489.72,67,Average
P00036,O0036,2026-08,19673.71,21533.35,18844.65,35,35,-8.64,104.4,562.11,86,Excellent
P00037,O0037,2026-08,23827.41,24089.96,23812.41,40,40,-1.09,100.06,595.69,82,Good
P00038,O0038,2026-08,29570.38,24461.21,31243.41,42,42,20.89,94.65,704.06,85,Excellent
P00039,O0039,2026-08,21492.52,22525.32,23348.95,40,40,-4.59,92.05,537.31,73,Good
P00040,O0040,2026-08,18225.46,20973.51,17976.75,36,36,-13.1,101.38,506.26,75,Good
P00041,O0041,2026-08,12080.68,12023.56,12805.69,23,23,0.48,94.34,525.25,82,Good
P00042,O0042,2026-08,5661.85,13343.99,5769.02,12,12,-57.57,98.14,471.82,73,Good
P00043,O0043,2026-08,7760.54,11287.19,8383.26,16,16,-31.24,92.57,485.03,61,Average
P00044,O0044,2026-08,6207.87,8396.42,6580.69,15,15,-26.07,94.33,413.86,70,Good
P00045,O0045,2026-08,6851.94,7301.6900000000005,6573.19,16,16,-6.16,104.24,428.25,78,Good
P00046,O0046,2026-08,9590.31,8957.35,10031.91,17,17,7.07,95.6,564.14,80,Good
P00047,O0047,2026-08,6237.92,9170.39,6497.61,13,13,-31.98,96.0,479.84,73,Good
P00048,O0048,2026-08,12764.0,10862.36,13031.29,26,26,17.51,97.95,490.92,87,Excellent
P00049,O0049,2026-08,8445.73,11313.83,9328.4,17,17,-25.35,90.54,496.81,74,Good
P00050,O0050,2026-08,6126.9800000000005,6656.31,6385.25,14,14,-7.95,95.96,437.64,81,Good
P00051,O0051,2026-08,12624.61,6782.04,13863.2,16,16,86.15,91.07,789.04,85,Excellent
P00052,O0052,2026-08,14626.560000000001,10900.710000000001,14900.3,23,23,34.18,98.16,635.94,88,Excellent
P00053,O0053,2026-08,8687.68,5535.77,8654.98,18,18,56.94,100.38,482.65,93,Excellent
P00054,O0054,2026-08,5281.04,8690.78,5603.88,16,16,-39.23,94.24,330.06,74,Good
P00055,O0055,2026-08,13538.53,8645.6,14261.74,21,21,56.59,94.93,644.69,82,Good
P00056,O0056,2026-08,9276.33,9521.03,9201.86,17,17,-2.57,100.81,545.67,78,Good
P00057,O0057,2026-08,10452.14,6357.36,10585.15,19,19,64.41,98.74,550.11,93,Excellent
P00058,O0058,2026-08,4671.79,7900.1900000000005,5197.49,10,10,-40.86,89.89,467.18,57,Poor
P00059,O0059,2026-08,11308.0,10907.25,11877.91,22,22,3.67,95.2,514.0,74,Good
P00060,O0060,2026-08,9656.75,10912.47,9670.59,17,17,-11.51,99.86,568.04,72,Good
P00061,O0061,2026-08,6133.58,5148.4800000000005,5992.42,13,13,19.13,102.36,471.81,92,Excellent
P00062,O0062,2026-08,6577.8,11192.36,6384.06,13,13,-41.23,103.03,505.98,68,Average
P00063,O0063,2026-08,6453.34,7156.27,6573.87,16,16,-9.82,98.17,403.33,72,Good
P00064,O0064,2026-08,5430.82,12164.1,5471.86,15,15,-55.35,99.25,362.05,70,Good
P00065,O0065,2026-08,3774.31,8307.05,4209.36,7,7,-54.56,89.66,539.19,64,Average
P00066,O0066,2026-08,5829.84,10425.4,6091.06,15,15,-44.08,95.71,388.66,70,Good
P00067,O0067,2026-08,7778.11,9332.52,8587.63,14,14,-16.66,90.57,555.58,68,Average
P00068,O0068,2026-08,9204.87,7795.83,9903.19,14,14,18.07,92.95,657.49,75,Good
P00069,O0069,2026-08,6992.4,6162.91,7470.86,18,18,13.46,93.6,388.47,76,Good
P00070,O0070,2026-08,6190.29,9294.09,6439.98,12,12,-33.4,96.12,515.86,63,Average
P00071,O0071,2026-08,11828.89,11454.64,11845.7,22,22,3.27,99.86,537.68,87,Excellent
P00072,O0072,2026-08,9007.15,11624.02,8937.14,14,14,-22.51,100.78,643.37,74,Good
P00073,O0073,2026-08,8968.32,9892.24,9500.21,12,12,-9.34,94.4,747.36,78,Good
P00074,O0074,2026-08,12444.79,12006.65,12771.27,20,20,3.65,97.44,622.24,87,Excellent
P00075,O0075,2026-08,11285.17,10398.02,11546.68,16,16,8.53,97.74,705.32,87,Excellent
P00076,O0076,2026-08,7276.599999999999,13147.18,7638.65,13,13,-44.65,95.26,559.74,66,Average
P00077,O0077,2026-08,8902.94,9066.11,9072.18,15,15,-1.8,98.13,593.53,74,Good
P00078,O0078,2026-08,17844.93,15811.24,19719.14,27,27,12.86,90.5,660.92,84,Good
P00079,O0079,2026-08,11484.86,8952.31,11769.18,20,20,28.29,97.58,574.24,82,Good
P00080,O0080,2026-08,8593.32,12021.89,8851.42,17,17,-28.52,97.08,505.49,77,Good
P00081,O0081,2026-08,13799.449999999999,8091.07,13309.43,17,17,70.55,103.68,811.73,93,Excellent
P00082,O0082,2026-08,7213.7,13325.54,7899.8,15,15,-45.87,91.31,480.91,59,Poor
P00083,O0083,2026-08,5386.6900000000005,16082.88,5808.79,7,7,-66.51,92.73,769.53,68,Average
P00084,O0084,2026-08,4918.05,10387.42,5082.07,9,9,-52.65,96.77,546.45,64,Average
P00085,O0085,2026-08,8332.96,7578.99,8434.35,16,16,9.95,98.8,520.81,84,Good
P00086,O0086,2026-08,8454.94,7170.39,9325.5,14,14,17.91,90.66,603.92,84,Good
P00087,O0087,2026-08,8310.3,9036.59,8287.21,13,13,-8.04,100.28,639.25,80,Good
P00088,O0088,2026-08,11078.960000000001,8260.94,11728.97,18,18,34.11,94.46,615.5,79,Good
P00089,O0089,2026-08,8333.75,6647.7699999999995,8267.36,12,12,25.36,100.8,694.48,86,Excellent
P00090,O0090,2026-08,9027.03,3192.33,9219.0,16,16,182.77,97.92,564.19,94,Excellent
P00091,O0091,2026-08,10617.89,6694.53,10703.59,22,22,58.61,99.2,482.63,93,Excellent
P00092,O0092,2026-08,9581.75,12928.17,10107.5,21,21,-25.88,94.8,456.27,65,Average
P00093,O0093,2026-08,9977.5,9270.460000000001,11070.53,21,21,7.63,90.13,475.12,79,Good
P00094,O0094,2026-08,9348.19,14803.02,9585.86,23,23,-36.85,97.52,406.44,63,Average
P00095,O0095,2026-08,7166.87,6756.78,6851.63,16,16,6.07,104.6,447.93,86,Excellent
P00096,O0096,2026-08,9383.22,9026.29,9079.0,22,22,3.95,103.35,426.51,87,Excellent
P00097,O0097,2026-08,9360.98,3025.66,9217.12,22,22,209.39,101.56,425.5,90,Excellent
P00098,O0098,2026-08,6377.29,5924.76,6315.14,14,14,7.64,100.98,455.52,86,Excellent
P00099,O0099,2026-08,4909.27,5225.5599999999995,5458.59,9,9,-6.05,89.94,545.47,78,Good
P00100,O0100,2026-08,10881.98,5809.99,11347.98,25,25,87.3,95.89,435.28,92,Excellent
P00101,O0101,2026-08,3403.19,11335.35,3393.93,6,6,-69.98,100.27,567.2,67,Average
P00102,O0102,2026-08,9382.26,14005.51,9806.2,11,11,-33.01,95.68,852.93,73,Good
P00103,O0103,2026-08,6610.49,10311.77,6535.43,10,10,-35.89,101.15,661.05,68,Average
P00104,O0104,2026-08,13198.369999999999,9327.85,13708.93,18,18,41.49,96.28,733.24,93,Excellent
P00105,O0105,2026-08,9165.17,16597.739999999998,9929.66,15,15,-44.78,92.3,611.01,65,Average
P00106,O0106,2026-08,11357.11,11443.15,11157.62,16,16,-0.75,101.79,709.82,80,Good
P00107,O0107,2026-08,12541.99,7807.610000000001,12769.17,15,15,60.64,98.22,836.13,92,Excellent
P00108,O0108,2026-08,6858.04,22116.239999999998,7492.83,12,12,-68.99,91.53,571.5,60,Average
P00109,O0109,2026-08,13266.84,11850.34,12804.4,17,17,11.95,103.61,780.4,86,Excellent
P00110,O0110,2026-08,17444.45,8306.92,19498.02,23,23,110.0,89.47,758.45,94,Excellent
P00111,O0111,2026-08,9829.49,6095.0,10864.19,16,16,61.27,90.48,614.34,81,Good
P00112,O0112,2026-08,5573.070000000001,9829.76,5568.26,11,11,-43.3,100.09,506.64,65,Average
P00113,O0113,2026-08,7355.95,11191.78,7580.21,11,11,-34.27,97.04,668.72,74,Good
P00114,O0114,2026-08,8962.4,7521.28,9577.0,16,16,19.16,93.58,560.15,88,Excellent
P00115,O0115,2026-08,4446.93,10546.380000000001,4776.26,8,8,-57.83,93.1,555.87,64,Average
P00116,O0116,2026-08,7108.52,5091.93,7017.81,9,9,39.6,101.29,789.84,90,Excellent
P00117,O0117,2026-08,7934.84,5786.42,8522.61,13,13,37.13,93.1,610.37,83,Good
P00118,O0118,2026-08,5721.59,8481.3,5962.76,10,10,-32.54,95.96,572.16,67,Average
P00119,O0119,2026-08,6752.6,6793.7300000000005,6730.38,14,14,-0.61,100.33,482.33,73,Good
P00120,O0120,2026-08,2563.79,10612.66,2510.18,5,5,-75.84,102.14,512.76,61,Average
P00121,O0121,2026-08,3537.17,10727.14,3813.46,8,8,-67.03,92.75,442.15,65,Average
P00122,O0122,2026-08,5532.12,3481.2799999999997,5476.99,8,8,58.91,101.01,691.52,91,Excellent
P00123,O0123,2026-08,5412.49,2465.34,5856.25,10,10,119.54,92.42,541.25,81,Good
P00124,O0124,2026-08,7278.0599999999995,4996.06,7593.15,8,8,45.68,95.85,909.76,83,Good
P00125,O0125,2026-08,5066.96,4218.12,5213.08,10,10,20.12,97.2,506.7,81,Good
P00126,O0126,2026-08,7414.389999999999,6385.28,7913.79,9,9,16.12,93.69,823.82,88,Excellent
P00127,O0127,2026-08,8411.810000000001,6491.09,8631.61,13,13,29.59,97.45,647.06,92,Excellent
P00128,O0128,2026-08,7380.56,2993.13,7217.38,11,11,146.58,102.26,670.96,91,Excellent
P00129,O0129,2026-08,6612.68,3550.48,7072.0,12,12,86.25,93.51,551.06,81,Good
P00130,O0130,2026-08,5168.99,5233.22,5245.41,10,10,-1.23,98.54,516.9,79,Good
P00131,O0131,2026-08,8684.44,6021.820000000001,8293.66,15,15,44.22,104.71,578.96,93,Excellent
P00132,O0132,2026-08,6754.07,6610.04,7131.17,15,15,2.18,94.71,450.27,74,Good
P00133,O0133,2026-08,7315.31,7088.53,7739.91,16,16,3.2,94.51,457.21,81,Good
P00134,O0134,2026-08,4631.3,3401.75,4999.24,8,8,36.14,92.64,578.91,83,Good
P00135,O0135,2026-08,4501.87,6576.36,4627.27,10,10,-31.54,97.29,450.19,78,Good
P00136,O0136,2026-08,11348.66,6244.94,11480.36,15,15,81.73,98.85,756.58,86,Excellent
P00137,O0137,2026-08,6873.47,8492.85,7414.28,12,12,-19.07,92.71,572.79,76,Good
P00138,O0138,2026-08,6873.99,6157.98,6879.39,10,10,11.63,99.92,687.4,81,Good
P00139,O0139,2026-08,7560.43,7428.58,8278.73,13,13,1.77,91.32,581.57,75,Good
P00140,O0140,2026-08,6301.38,7537.4400000000005,6801.46,14,14,-16.4,92.65,450.1,74,Good
P00141,O0141,2026-08,22063.5,9994.52,21596.28,26,26,120.76,102.16,848.6,91,Excellent
P00142,O0142,2026-08,18223.97,17035.34,18048.02,26,26,6.98,100.97,700.92,75,Good
P00143,O0143,2026-08,11088.11,13386.55,12117.49,15,15,-17.17,91.51,739.21,64,Average
P00144,O0144,2026-08,6441.6,22283.16,6444.87,12,12,-71.09,99.95,536.8,66,Average
P00145,O0145,2026-08,13757.7,11244.03,13914.09,18,18,22.36,98.88,764.32,77,Good
P00146,O0146,2026-08,11218.380000000001,15858.210000000001,11895.37,19,19,-29.26,94.31,590.44,73,Good
P00147,O0147,2026-08,8993.34,10580.19,8688.21,16,16,-15.0,103.51,562.08,84,Good
P00148,O0148,2026-08,15364.69,12522.029999999999,14984.97,17,17,22.7,102.53,903.81,94,Excellent
P00149,O0149,2026-08,9182.960000000001,8825.19,10274.41,13,13,4.05,89.38,706.38,69,Average
P00150,O0150,2026-08,12372.76,10094.15,13037.97,22,22,22.57,94.9,562.4,77,Good
P00151,O0151,2026-08,15224.06,8957.98,15071.52,21,21,69.95,101.01,724.96,95,Excellent
P00152,O0152,2026-08,13413.86,17955.73,14558.68,19,19,-25.29,92.14,705.99,65,Average
P00153,O0153,2026-08,21187.64,14350.15,23258.75,26,26,47.65,91.1,814.91,87,Excellent
P00154,O0154,2026-08,16440.38,14651.82,17620.32,26,26,12.21,93.3,632.32,77,Good
P00155,O0155,2026-08,12049.19,12707.45,12731.17,18,18,-5.18,94.64,669.4,68,Average
P00156,O0156,2026-08,12989.32,22572.81,12658.72,18,18,-42.46,102.61,721.63,73,Good
P00157,O0157,2026-08,9511.890000000001,13943.89,9177.42,15,15,-31.78,103.64,634.13,68,Average
P00158,O0158,2026-08,15626.43,13631.54,15021.22,20,20,14.63,104.03,781.32,94,Excellent
P00159,O0159,2026-08,16823.73,14110.96,18166.13,20,20,19.22,92.61,841.19,86,Excellent
P00160,O0160,2026-08,12738.7,12307.89,12829.94,18,18,3.5,99.29,707.71,81,Good
P00161,O0161,2026-08,11515.78,17261.73,10999.9,13,13,-33.29,104.69,885.83,74,Good
P00162,O0162,2026-08,9445.61,15138.14,10182.7,14,14,-37.6,92.76,674.69,70,Good
P00163,O0163,2026-08,10434.47,12515.2,10351.71,17,17,-16.63,100.8,613.79,74,Good
P00164,O0164,2026-08,12906.43,11400.029999999999,13453.29,16,16,13.21,95.94,806.65,73,Good
P00165,O0165,2026-08,12074.6,16035.87,12052.47,13,13,-24.7,100.18,928.82,71,Good
P00166,O0166,2026-08,12086.21,13566.19,11624.16,22,22,-10.91,103.97,549.37,79,Good
P00167,O0167,2026-08,11700.48,10896.19,11503.9,18,18,7.38,101.71,650.03,87,Excellent
P00168,O0168,2026-08,10712.79,11574.94,11394.37,16,16,-7.45,94.02,669.55,68,Average
P00169,O0169,2026-08,5258.28,6062.99,5329.61,12,12,-13.27,98.66,438.19,78,Good
P00170,O0170,2026-08,15935.39,13085.81,16237.98,22,22,21.78,98.14,724.34,89,Excellent
P00171,O0171,2026-08,16297.16,11705.92,16571.36,20,20,39.22,98.35,814.86,94,Excellent
P00172,O0172,2026-08,15038.77,10704.619999999999,15279.94,16,16,40.49,98.42,939.92,87,Excellent
P00173,O0173,2026-08,12478.76,13636.29,13500.24,16,16,-8.49,92.43,779.92,75,Good
P00174,O0174,2026-08,15641.0,10769.93,15032.61,18,18,45.23,104.05,868.94,94,Excellent
P00175,O0175,2026-08,10820.75,8065.450000000001,10825.2,17,17,34.16,99.96,636.51,90,Excellent
P00176,O0176,2026-08,11518.29,8315.01,12366.89,20,20,38.52,93.14,575.91,88,Excellent
P00177,O0177,2026-08,14695.82,9053.76,16289.32,24,24,62.32,90.22,612.33,79,Good
P00178,O0178,2026-08,15935.11,15735.710000000001,17713.65,27,27,1.27,89.96,590.19,73,Good
P00179,O0179,2026-08,12467.99,10327.39,12532.08,12,12,20.73,99.49,1039.0,84,Good
P00180,O0180,2026-08,18354.15,12711.05,17913.49,24,24,44.4,102.46,764.76,86,Excellent
P00181,O0181,2026-08,21140.89,19607.17,20200.27,43,43,7.82,104.66,491.65,81,Good
P00182,O0182,2026-08,12814.22,16013.84,12799.3,37,37,-19.98,100.12,346.33,82,Good
P00183,O0183,2026-08,15245.04,15954.62,15329.33,38,38,-4.45,99.45,401.19,82,Good
P00184,O0184,2026-08,16799.78,19843.21,17765.58,39,39,-15.34,94.56,430.76,74,Good
P00185,O0185,2026-08,18983.71,19689.92,18421.94,44,44,-3.59,103.05,431.45,76,Good
P00186,O0186,2026-08,22495.72,21446.64,24558.94,47,47,4.89,91.6,478.63,70,Good
P00187,O0187,2026-08,19801.829999999998,23734.08,19171.83,46,46,-16.57,103.29,430.47,83,Good
P00188,O0188,2026-08,11498.63,11371.61,12813.4,24,24,1.12,89.74,479.11,79,Good
P00189,O0189,2026-08,15911.25,22125.87,15145.52,38,38,-28.09,105.06,418.72,77,Good
P00190,O0190,2026-08,15598.79,19740.2,15315.25,37,37,-20.98,101.85,421.59,69,Average
P00191,O0191,2026-08,19581.77,18658.78,20927.65,49,49,4.95,93.57,399.63,70,Good
P00192,O0192,2026-08,17315.7,16814.98,17567.4,45,45,2.98,98.57,384.79,83,Good
P00193,O0193,2026-08,12499.85,14186.19,12066.03,34,34,-11.89,103.6,367.64,77,Good
P00194,O0194,2026-08,28742.86,20077.58,32089.2,55,55,43.16,89.57,522.6,80,Good
P00195,O0195,2026-08,23394.73,21410.39,23114.95,57,57,9.27,101.21,410.43,91,Excellent
P00196,O0196,2026-08,23863.31,14274.34,25167.31,52,52,67.18,94.82,458.91,95,Excellent
P00197,O0197,2026-08,20273.83,14805.51,22447.74,48,48,36.93,90.32,422.37,87,Excellent
P00198,O0198,2026-08,13878.97,15293.970000000001,13465.03,30,30,-9.25,103.07,462.63,83,Good
P00199,O0199,2026-08,20368.59,21752.74,19953.59,50,50,-6.36,102.08,407.37,80,Good
P00200,O0200,2026-08,19313.02,17382.37,21130.07,44,44,11.11,91.4,438.93,73,Good
P00201,O0201,2026-08,4420.17,1188.03,4364.26,16,16,272.06,101.28,276.26,100,Excellent
P00202,O0202,2026-08,4773.18,1937.69,5199.74,15,15,146.33,91.8,318.21,91,Excellent
P00203,O0203,2026-08,2386.63,2521.42,2667.78,7,7,-5.35,89.46,340.95,77,Good
P00204,O0204,2026-08,3693.27,5833.16,3724.15,15,15,-36.68,99.17,246.22,72,Good
P00205,O0205,2026-08,3709.0,2522.65,3896.39,14,14,47.03,95.19,264.93,89,Excellent
P00206,O0206,2026-08,4541.72,1617.96,4735.25,15,15,180.71,95.91,302.78,84,Good
P00207,O0207,2026-08,2605.07,3398.4300000000003,2873.08,9,9,-23.34,90.67,289.45,68,Average
P00208,O0208,2026-08,3263.56,3099.04,3648.1,13,13,5.31,89.46,251.04,72,Good
P00209,O0209,2026-08,4239.33,3959.41,4382.18,18,18,7.07,96.74,235.52,78,Good
P00210,O0210,2026-08,4470.47,2890.0299999999997,4928.16,16,16,54.69,90.71,279.4,80,Good
P00211,O0211,2026-08,4828.66,4078.34,5350.45,15,15,18.4,90.25,321.91,75,Good
P00212,O0212,2026-08,2989.42,3010.91,3072.13,9,9,-0.71,97.31,332.16,71,Good
P00213,O0213,2026-08,2458.5,2408.79,2541.29,6,6,2.06,96.74,409.75,73,Good
P00214,O0214,2026-08,1332.56,2275.26,1374.88,5,5,-41.43,96.92,266.51,70,Good
P00215,O0215,2026-08,2623.39,3986.82,2901.62,10,10,-34.2,90.41,262.34,61,Average
P00216,O0216,2026-08,2814.38,4054.3599999999997,3000.9,11,11,-30.58,93.78,255.85,64,Average
P00217,O0217,2026-08,1688.14,5001.99,1776.29,5,5,-66.25,95.04,337.63,67,Average
P00218,O0218,2026-08,3433.58,1797.27,3660.4,10,10,91.04,93.8,343.36,95,Excellent
P00219,O0219,2026-08,3092.8500000000004,3809.61,3290.73,11,11,-18.81,93.99,281.17,68,Average
P00220,O0220,2026-08,2891.93,4801.8,3227.27,9,9,-39.77,89.61,321.33,69,Average
P00221,O0221,2026-08,4268.5599999999995,2795.08,4745.78,15,15,52.72,89.94,284.57,90,Excellent
P00222,O0222,2026-08,3216.52,2828.39,3517.19,9,9,13.72,91.45,357.39,74,Good
P00223,O0223,2026-08,4834.56,2635.08,4874.31,14,14,83.47,99.18,345.33,92,Excellent
P00224,O0224,2026-08,3539.88,5631.06,3545.57,7,7,-37.14,99.84,505.7,77,Good
P00225,O0225,2026-08,4795.82,5070.7,5112.66,14,14,-5.42,93.8,342.56,76,Good
P00226,O0226,2026-08,2303.02,5439.91,2506.59,8,8,-57.66,91.88,287.88,65,Average
P00227,O0227,2026-08,2596.11,3440.02,2574.05,8,8,-24.53,100.86,324.51,78,Good
P00228,O0228,2026-08,6259.47,3619.88,6804.76,18,18,72.92,91.99,347.75,87,Excellent
P00229,O0229,2026-08,2267.43,4773.65,2405.82,10,10,-52.5,94.25,226.74,69,Average
P00230,O0230,2026-08,2447.65,2173.81,2582.27,9,9,12.6,94.79,271.96,87,Excellent
P00231,O0231,2026-08,5314.23,5514.02,5250.91,15,15,-3.62,101.21,354.28,86,Excellent
P00232,O0232,2026-08,3225.7799999999997,3876.22,3105.24,10,10,-16.78,103.88,322.58,77,Good
P00233,O0233,2026-08,3631.7400000000002,2395.2,4040.21,11,11,51.63,89.89,330.16,79,Good
P00234,O0234,2026-08,2927.18,3380.2999999999997,3056.02,7,7,-13.4,95.78,418.17,78,Good
P00235,O0235,2026-08,6429.23,4265.61,7059.36,13,13,50.72,91.07,494.56,91,Excellent
P00236,O0236,2026-08,2427.87,3768.66,2589.08,9,9,-35.58,93.77,269.76,62,Average
P00237,O0237,2026-08,5013.34,4860.59,5123.6,15,15,3.14,97.85,334.22,74,Good
P00238,O0238,2026-08,3788.94,6111.28,3642.45,11,11,-38.0,104.02,344.45,68,Average
P00239,O0239,2026-08,2134.66,1524.64,2111.59,9,9,40.01,101.09,237.18,83,Good
P00240,O0240,2026-08,3940.69,4011.24,3762.25,12,12,-1.76,104.74,328.39,81,Good
P00241,O0241,2026-08,5092.94,4755.05,5615.41,14,14,7.11,90.7,363.78,78,Good
P00242,O0242,2026-08,2437.23,4035.2,2551.47,9,9,-39.6,95.52,270.8,68,Average
P00243,O0243,2026-08,4232.34,1092.23,4557.92,11,11,287.5,92.86,384.76,85,Excellent
P00244,O0244,2026-08,2225.36,3809.0,2402.69,5,5,-41.58,92.62,445.07,72,Good
P00245,O0245,2026-08,5886.69,4132.18,6069.36,17,17,42.46,96.99,346.28,83,Good
P00246,O0246,2026-08,1268.95,2054.6800000000003,1392.3,5,5,-38.24,91.14,253.79,59,Poor
P00247,O0247,2026-08,2472.0899999999997,3689.7299999999996,2512.57,11,11,-33.0,98.39,224.74,68,Average
P00248,O0248,2026-08,4356.94,2828.86,4731.03,13,13,54.02,92.09,335.15,90,Excellent
P00249,O0249,2026-08,3731.0,3019.78,3700.11,10,10,23.55,100.83,373.1,92,Excellent
P00250,O0250,2026-08,3277.92,2593.31,3545.59,9,9,26.4,92.45,364.21,82,Good
P00251,O0251,2026-08,4730.17,3736.63,4972.33,19,19,26.59,95.13,248.96,85,Excellent
P00252,O0252,2026-08,3278.05,3863.63,3648.94,17,17,-15.16,89.84,192.83,68,Average
P00253,O0253,2026-08,3595.27,4906.610000000001,3525.68,15,15,-26.73,101.97,239.68,82,Good
P00254,O0254,2026-08,4933.01,4658.57,4888.33,23,23,5.89,100.91,214.48,79,Good
P00255,O0255,2026-08,3365.9,3138.71,3430.59,13,13,7.24,98.11,258.92,82,Good
P00256,O0256,2026-08,3074.29,5381.0,3190.48,17,17,-42.87,96.36,180.84,68,Average
P00257,O0257,2026-08,4872.09,3774.35,4748.54,17,17,29.08,102.6,286.59,94,Excellent
P00258,O0258,2026-08,2329.12,4881.54,2411.1,12,12,-52.29,96.6,194.09,59,Poor
P00259,O0259,2026-08,3864.4300000000003,2665.27,3994.12,17,17,44.99,96.75,227.32,83,Good
P00260,O0260,2026-08,4422.13,4443.29,4824.12,14,14,-0.48,91.67,315.87,78,Good
P00261,O0261,2026-08,5648.0199999999995,3880.0699999999997,6041.19,23,23,45.56,93.49,245.57,81,Good
P00262,O0262,2026-08,4506.75,6656.09,4631.97,18,18,-32.29,97.3,250.38,64,Average
P00263,O0263,2026-08,3706.4900000000002,2962.44,4007.93,16,16,25.12,92.48,231.66,75,Good
P00264,O0264,2026-08,3480.85,4416.29,3633.22,22,22,-21.18,95.81,158.22,73,Good
P00265,O0265,2026-08,4246.0599999999995,1963.13,4354.87,18,18,116.29,97.5,235.89,86,Excellent
P00266,O0266,2026-08,3232.5499999999997,5387.04,3602.67,12,12,-39.99,89.73,269.38,58,Poor
P00267,O0267,2026-08,5887.4,4770.33,6003.33,21,21,23.42,98.07,280.35,91,Excellent
P00268,O0268,2026-08,1651.45,4390.64,1593.26,9,9,-62.39,103.65,183.49,77,Good
P00269,O0269,2026-08,3332.37,3658.35,3577.24,14,14,-8.91,93.15,238.03,79,Good
P00270,O0270,2026-08,7620.3099999999995,5053.05,7910.52,23,23,50.81,96.33,331.32,85,Excellent
P00271,O0271,2026-08,4069.3799999999997,4676.47,4180.74,16,16,-12.98,97.34,254.34,72,Good
P00272,O0272,2026-08,4467.34,3782.99,4757.32,18,18,18.09,93.9,248.19,75,Good
P00273,O0273,2026-08,2685.0099999999998,3100.45,2936.34,11,11,-13.4,91.44,244.09,72,Good
P00274,O0274,2026-08,3795.73,5012.99,3762.7,14,14,-24.28,100.88,271.12,76,Good
P00275,O0275,2026-08,4648.87,5212.2300000000005,4641.16,19,19,-10.81,100.17,244.68,74,Good
P00276,O0276,2026-08,3252.81,3740.62,3493.41,13,13,-13.04,93.11,250.22,65,Average
P00277,O0277,2026-08,2628.13,5360.6,2620.14,15,15,-50.97,100.3,175.21,75,Good
P00278,O0278,2026-08,6005.53,3591.66,6481.43,23,23,67.21,92.66,261.11,81,Good
P00279,O0279,2026-08,4327.11,4230.86,4158.76,20,20,2.27,104.05,216.36,89,Excellent
P00280,O0280,2026-08,3993.54,6143.1,4071.1,14,14,-34.99,98.09,285.25,69,Average
P00281,O0281,2026-08,7085.63,5014.17,7251.24,21,21,41.31,97.72,337.41,94,Excellent
P00282,O0282,2026-08,5416.37,12550.05,5223.31,15,15,-56.84,103.7,361.09,74,Good
P00283,O0283,2026-08,6322.9400000000005,6571.96,6412.83,18,18,-3.79,98.6,351.27,83,Good
P00284,O0284,2026-08,5242.13,5006.63,5341.38,10,10,4.7,98.14,524.21,80,Good
P00285,O0285,2026-08,9242.76,6371.48,9768.48,20,20,45.06,94.62,462.14,83,Good
P00286,O0286,2026-08,5916.65,5351.92,5844.59,14,14,10.55,101.23,422.62,81,Good
P00287,O0287,2026-08,7962.62,5859.12,8564.29,17,17,35.9,92.97,468.39,91,Excellent
P00288,O0288,2026-08,8517.98,8523.26,8450.73,18,18,-0.06,100.8,473.22,74,Good
P00289,O0289,2026-08,3737.3999999999996,7738.28,3686.32,10,10,-51.7,101.39,373.74,76,Good
P00290,O0290,2026-08,7294.85,6889.64,7281.55,17,17,5.88,100.18,429.11,77,Good
P00291,O0291,2026-08,5338.14,7339.11,5856.3,10,10,-27.26,91.15,533.81,72,Good
P00292,O0292,2026-08,9626.9,9372.25,9579.47,21,21,2.72,100.5,458.42,86,Excellent
P00293,O0293,2026-08,6328.51,7876.33,6233.61,15,15,-19.65,101.52,421.9,82,Good
P00294,O0294,2026-08,3031.58,6435.15,2885.3,7,7,-52.89,105.07,433.08,71,Good
P00295,O0295,2026-08,5669.35,6747.66,6212.71,11,11,-15.98,91.25,515.4,72,Good
P00296,O0296,2026-08,5434.08,8066.29,5808.22,17,17,-32.63,93.56,319.65,60,Average
P00297,O0297,2026-08,5216.5199999999995,5609.64,5510.51,13,13,-7.01,94.66,401.27,73,Good
P00298,O0298,2026-08,5264.21,8671.08,5834.75,12,12,-39.29,90.22,438.68,63,Average
P00299,O0299,2026-08,7729.87,8118.25,7604.11,17,17,-4.78,101.65,454.7,80,Good
P00300,O0300,2026-08,7455.889999999999,10050.48,8019.06,17,17,-25.82,92.98,438.58,68,Average
P00301,O0301,2026-08,6043.11,10755.68,6685.94,14,14,-43.81,90.39,431.65,60,Average
P00302,O0302,2026-08,7273.11,7034.49,7353.95,17,17,3.39,98.9,427.83,77,Good
P00303,O0303,2026-08,5658.11,8070.27,5614.4,17,17,-29.89,100.78,332.83,78,Good
P00304,O0304,2026-08,10404.33,8046.87,10342.4,23,23,29.3,100.6,452.36,93,Excellent
P00305,O0305,2026-08,6290.79,5676.41,6264.25,19,19,10.82,100.42,331.09,79,Good
P00306,O0306,2026-08,3178.24,7115.679999999999,3122.88,10,10,-55.33,101.77,317.82,64,Average
P00307,O0307,2026-08,8679.45,10909.97,8982.38,21,21,-20.44,96.63,413.31,65,Average
P00308,O0308,2026-08,10970.449999999999,5188.15,10943.44,21,21,111.45,100.25,522.4,89,Excellent
P00309,O0309,2026-08,5943.21,5239.74,5702.69,16,16,13.43,104.22,371.45,87,Excellent
P00310,O0310,2026-08,5032.77,7323.0599999999995,5215.55,15,15,-31.28,96.5,335.52,71,Good
P00311,O0311,2026-08,6733.799999999999,6413.85,7412.17,10,10,4.99,90.85,673.38,76,Good
P00312,O0312,2026-08,4450.52,5322.88,4859.25,9,9,-16.39,91.59,494.5,72,Good
P00313,O0313,2026-08,7615.63,4780.71,7648.43,13,13,59.3,99.57,585.82,99,Excellent
P00314,O0314,2026-08,3426.75,5706.6,3764.77,8,8,-39.95,91.02,428.34,57,Poor
P00315,O0315,2026-08,5929.55,4057.92,6444.82,14,14,46.12,92.0,423.54,80,Good
P00316,O0316,2026-08,3745.68,4948.24,4082.5,6,6,-24.3,91.75,624.28,74,Good
P00317,O0317,2026-08,3505.51,6542.6900000000005,3425.13,7,7,-46.42,102.35,500.79,74,Good
P00318,O0318,2026-08,5074.5599999999995,5362.77,5022.47,10,10,-5.37,101.04,507.46,82,Good
P00319,O0319,2026-08,7105.200000000001,5862.77,7860.49,12,12,21.19,90.39,592.1,85,Excellent
P00320,O0320,2026-08,3361.4,5777.47,3459.6,7,7,-41.82,97.16,480.2,70,Good
P00321,O0321,2026-08,3472.4399999999996,4005.3,3462.3,9,9,-13.3,100.29,385.83,76,Good
P00322,O0322,2026-08,4058.12,1868.3700000000001,4307.93,13,13,117.2,94.2,312.16,90,Excellent
P00323,O0323,2026-08,2267.96,4518.1,2197.94,9,9,-49.8,103.19,252.0,62,Average
P00324,O0324,2026-08,4090.1,5958.98,4073.2,15,15,-31.36,100.41,272.67,78,Good
P00325,O0325,2026-08,5321.719999999999,4105.54,5896.28,14,14,29.62,90.26,380.12,84,Good
P00326,O0326,2026-08,3351.5,3092.2999999999997,3552.21,10,10,8.38,94.35,335.15,71,Good
P00327,O0327,2026-08,5304.32,3612.9700000000003,5689.2,15,15,46.81,93.23,353.62,95,Excellent
P00328,O0328,2026-08,1891.1399999999999,3597.14,1875.21,9,9,-47.43,100.85,210.13,72,Good
P00329,O0329,2026-08,2128.96,3065.25,2268.68,7,7,-30.55,93.84,304.14,75,Good
P00330,O0330,2026-08,4023.73,4674.42,4037.33,13,13,-13.92,99.66,309.52,72,Good
P00331,O0331,2026-08,4675.02,3548.83,4502.45,14,14,31.73,103.83,333.93,90,Excellent
P00332,O0332,2026-08,4133.52,4148.71,4380.18,14,14,-0.37,94.37,295.25,77,Good
P00333,O0333,2026-08,3518.3700000000003,3642.94,3522.74,13,13,-3.42,99.88,270.64,76,Good
P00334,O0334,2026-08,2858.88,4679.08,2808.98,10,10,-38.9,101.78,285.89,74,Good
P00335,O0335,2026-08,4341.66,3178.1400000000003,4654.59,15,15,36.61,93.28,289.44,83,Good
P00336,O0336,2026-08,3434.85,3111.16,3385.79,11,11,10.4,101.45,312.26,83,Good
P00337,O0337,2026-08,2658.02,3454.64,2526.1,8,8,-23.06,105.22,332.25,78,Good
P00338,O0338,2026-08,3327.05,4953.8,3644.59,10,10,-32.84,91.29,332.71,60,Average
P00339,O0339,2026-08,4998.89,3486.93,5147.57,14,14,43.36,97.11,357.06,91,Excellent
P00340,O0340,2026-08,3444.0099999999998,2886.2999999999997,3513.67,13,13,19.32,98.02,264.92,84,Good
P00341,O0341,2026-08,3841.59,5357.45,4105.18,6,6,-28.29,93.58,640.26,72,Good
P00342,O0342,2026-08,3308.99,3270.56,3595.91,7,7,1.18,92.02,472.71,73,Good
P00343,O0343,2026-08,6785.68,5141.03,6571.25,13,13,31.99,103.26,521.98,84,Good
P00344,O0344,2026-08,4682.2,1439.74,5072.94,11,11,225.21,92.3,425.65,92,Excellent
P00345,O0345,2026-08,7316.3099999999995,6224.299999999999,7450.33,14,14,17.54,98.2,522.59,84,Good
P00346,O0346,2026-08,8039.900000000001,4091.54,7856.02,13,13,96.5,102.34,618.45,94,Excellent
P00347,O0347,2026-08,5189.58,1679.99,5031.36,11,11,208.91,103.14,471.78,87,Excellent
P00348,O0348,2026-08,3538.17,6101.639999999999,3431.43,8,8,-42.01,103.11,442.27,71,Good
P00349,O0349,2026-08,4677.2300000000005,5323.639999999999,4994.82,10,10,-12.14,93.64,467.72,68,Average
P00350,O0350,2026-08,5636.37,6894.839999999999,5656.87,10,10,-18.25,99.64,563.64,68,Average
P00351,O0351,2026-08,3095.03,4862.78,3076.16,12,12,-36.35,100.61,257.92,75,Good
P00352,O0352,2026-08,3663.19,3121.09,3490.76,10,10,17.37,104.94,366.32,93,Excellent
P00353,O0353,2026-08,1497.46,3880.17,1438.96,7,7,-61.41,104.07,213.92,64,Average
P00354,O0354,2026-08,2300.37,3281.3399999999997,2572.88,5,5,-29.9,89.41,460.07,66,Average
P00355,O0355,2026-08,4437.37,4044.17,4936.43,10,10,9.72,89.89,443.74,74,Good
P00356,O0356,2026-08,4862.45,1506.99,5428.47,11,11,222.66,89.57,442.04,94,Excellent
P00357,O0357,2026-08,2946.47,4721.66,3106.72,7,7,-37.6,94.84,420.92,68,Average
P00358,O0358,2026-08,3243.18,4816.66,3381.76,9,9,-32.67,95.9,360.35,63,Average
P00359,O0359,2026-08,2954.86,2625.31,3150.8,6,6,12.55,93.78,492.48,74,Good
P00360,O0360,2026-08,1680.17,3005.38,1699.35,6,6,-44.09,98.87,280.03,70,Good
P00361,O0361,2026-08,3839.1000000000004,11397.38,3716.74,5,5,-66.32,103.29,767.82,64,Average
P00362,O0362,2026-08,4013.6,5451.6,4260.24,8,8,-26.38,94.21,501.7,68,Average
P00363,O0363,2026-08,3305.45,4714.67,3158.93,7,7,-29.89,104.64,472.21,71,Good
P00364,O0364,2026-08,7147.599999999999,10270.07,6802.71,11,11,-30.4,105.07,649.78,70,Good
P00365,O0365,2026-08,5295.09,6146.339999999999,5656.53,10,10,-13.85,93.61,529.51,76,Good
P00366,O0366,2026-08,9175.7,12089.72,10214.31,10,10,-24.1,89.83,917.57,61,Average
P00367,O0367,2026-08,7250.58,3999.9500000000003,7068.33,9,9,81.27,102.58,805.62,91,Excellent
P00368,O0368,2026-08,5744.5599999999995,9675.46,6430.14,6,6,-40.63,89.34,957.43,56,Poor
P00369,O0369,2026-08,9448.24,6805.6,9193.86,18,18,38.83,102.77,524.9,98,Excellent
P00370,O0370,2026-08,6623.599999999999,9756.74,6822.64,9,9,-32.11,97.08,735.96,77,Good
P00371,O0371,2026-08,1710.69,3526.67,1766.68,5,5,-51.49,96.83,342.14,68,Average
P00372,O0372,2026-08,1253.95,2241.73,1222.5,7,7,-44.06,102.57,179.14,77,Good
P00373,O0373,2026-08,1759.4,1019.79,1737.76,7,7,72.53,101.25,251.34,100,Excellent
P00374,O0374,2026-08,2688.1600000000003,1723.1,2721.91,8,8,56.01,98.76,336.02,85,Excellent
P00375,O0375,2026-08,2679.37,1115.1299999999999,2801.79,9,9,140.27,95.63,297.71,86,Excellent
P00376,O0376,2026-08,3678.17,2483.17,3921.0,11,11,48.12,93.81,334.38,93,Excellent
P00377,O0377,2026-08,4030.84,3892.7000000000003,4239.07,16,16,3.55,95.09,251.93,82,Good
P00378,O0378,2026-08,2580.9900000000002,2077.3500000000004,2603.19,9,9,24.24,99.15,286.78,89,Excellent
P00379,O0379,2026-08,908.42,1787.48,924.08,7,7,-49.18,98.31,129.77,71,Good
P00380,O0380,2026-08,2665.8,2373.56,2668.62,9,9,12.31,99.89,296.2,86,Excellent
P00381,O0381,2026-08,1728.53,2856.73,1901.28,6,6,-39.49,90.91,288.09,65,Average
P00382,O0382,2026-08,4403.25,8404.98,4422.71,13,13,-47.61,99.56,338.71,64,Average
P00383,O0383,2026-08,6643.7,2349.35,6908.02,10,10,182.79,96.17,664.37,90,Excellent
P00384,O0384,2026-08,1966.9300000000003,3223.89,2092.67,5,5,-38.99,93.99,393.39,60,Average
P00385,O0385,2026-08,4819.5599999999995,2862.91,4617.02,13,13,68.34,104.39,370.74,96,Excellent
P00386,O0386,2026-08,3243.67,6649.41,3410.05,4,4,-51.22,95.12,810.92,65,Average
P00387,O0387,2026-08,4390.99,7069.37,4228.38,8,8,-37.89,103.85,548.87,74,Good
P00388,O0388,2026-08,6584.21,4326.4,6284.09,14,14,52.19,104.78,470.3,95,Excellent
P00389,O0389,2026-08,5493.74,2659.05,5633.94,10,10,106.61,97.51,549.37,95,Excellent
P00390,O0390,2026-08,6130.46,3404.7,6256.68,13,13,80.06,97.98,471.57,93,Excellent
P00391,O0391,2026-08,7795.61,5020.05,8720.82,12,12,55.29,89.39,649.63,82,Good
P00392,O0392,2026-08,5438.219999999999,5801.150000000001,5206.53,9,9,-6.26,104.45,604.25,81,Good
P00393,O0393,2026-08,5861.8099999999995,3989.91,6354.71,9,9,46.92,92.24,651.31,90,Excellent
P00394,O0394,2026-08,5367.11,6386.88,5542.13,7,7,-15.97,96.84,766.73,81,Good
P00395,O0395,2026-08,10123.29,8676.24,10452.67,11,11,16.68,96.85,920.3,79,Good
P00396,O0396,2026-08,5783.889999999999,4133.53,6022.24,7,7,39.93,96.04,826.27,86,Excellent
P00397,O0397,2026-08,3981.45,7667.13,4328.76,7,7,-48.07,91.98,568.78,56,Poor
P00398,O0398,2026-08,2401.31,5395.23,2372.55,6,6,-55.49,101.21,400.22,66,Average
P00399,O0399,2026-08,5943.639999999999,5993.83,6427.57,11,11,-0.84,92.47,540.33,73,Good
P00400,O0400,2026-08,7223.18,1189.1200000000001,7013.87,11,11,507.44,102.98,656.65,94,Excellent
P00401,O0401,2026-08,5045.78,3505.66,5188.1,16,16,43.93,97.26,315.36,86,Excellent
P00402,O0402,2026-08,1844.97,2905.9,1994.04,12,12,-36.51,92.52,153.75,59,Poor
P00403,O0403,2026-08,2780.84,2470.52,2646.69,12,12,12.56,105.07,231.74,88,Excellent
P00404,O0404,2026-08,3178.12,1461.94,3262.81,16,16,117.39,97.4,198.63,93,Excellent
P00405,O0405,2026-08,2652.6400000000003,3416.66,2891.01,15,15,-22.36,91.75,176.84,67,Average
P00406,O0406,2026-08,2212.4,2235.96,2122.91,9,9,-1.05,104.22,245.82,89,Excellent
P00407,O0407,2026-08,2350.5,3111.66,2542.57,9,9,-24.46,92.45,261.17,65,Average
P00408,O0408,2026-08,1915.3,1263.58,1992.8,12,12,51.58,96.11,159.61,83,Good
P00409,O0409,2026-08,1823.41,2639.3599999999997,1811.62,9,9,-30.91,100.65,202.6,71,Good
P00410,O0410,2026-08,2129.7,2972.66,2125.78,10,10,-28.36,100.18,212.97,81,Good
P00411,O0411,2026-08,8390.720000000001,9790.52,8859.3,21,21,-14.3,94.71,399.56,68,Average
P00412,O0412,2026-08,11991.11,11308.33,11662.99,24,24,6.04,102.81,499.63,82,Good
P00413,O0413,2026-08,10514.52,9489.82,11512.06,20,20,10.8,91.33,525.73,78,Good
P00414,O0414,2026-08,6528.81,8273.86,6562.15,16,16,-21.09,99.49,408.05,67,Average
P00415,O0415,2026-08,5758.0599999999995,7181.59,5511.79,17,17,-19.82,104.47,338.71,71,Good
P00416,O0416,2026-08,10577.81,9470.289999999999,10832.52,26,26,11.69,97.65,406.84,81,Good
P00417,O0417,2026-08,8362.72,8968.15,8188.66,16,16,-6.75,102.13,522.67,79,Good
P00418,O0418,2026-08,10420.15,8546.619999999999,10192.38,21,21,21.92,102.23,496.2,92,Excellent
P00419,O0419,2026-08,11571.01,6189.29,11869.53,20,20,86.95,97.48,578.55,93,Excellent
P00420,O0420,2026-08,14723.2,11215.39,14877.54,23,23,31.28,98.96,640.14,92,Excellent
P00421,O0421,2026-08,7203.99,6960.9400000000005,7739.21,12,12,3.49,93.08,600.33,78,Good
P00422,O0422,2026-08,5366.54,6647.0,5218.08,10,10,-19.26,102.85,536.65,81,Good
P00423,O0423,2026-08,13193.41,3002.9,12929.45,24,24,339.36,102.04,549.73,90,Excellent
P00424,O0424,2026-08,6982.950000000001,3747.25,7713.03,12,12,86.35,90.53,581.91,90,Excellent
P00425,O0425,2026-08,7555.25,9352.73,8104.88,12,12,-19.22,93.22,629.6,79,Good
P00426,O0426,2026-08,10417.77,10958.43,10478.09,18,18,-4.93,99.42,578.76,81,Good
P00427,O0427,2026-08,9263.8,9717.98,9877.4,16,16,-4.67,93.79,578.99,76,Good
P00428,O0428,2026-08,10481.369999999999,9343.21,10797.95,14,14,12.18,97.07,748.67,86,Excellent
P00429,O0429,2026-08,12622.19,5501.79,14037.56,16,16,129.42,89.92,788.89,90,Excellent
P00430,O0430,2026-08,10181.1,7778.08,11207.83,18,18,30.89,90.84,565.62,87,Excellent
P00431,O0431,2026-08,8176.43,6812.84,9151.49,13,13,20.02,89.35,628.96,79,Good
P00432,O0432,2026-08,6554.92,6514.59,6254.61,12,12,0.62,104.8,546.24,89,Excellent
P00433,O0433,2026-08,3205.9,7886.150000000001,3467.47,9,9,-59.35,92.46,356.21,62,Average
P00434,O0434,2026-08,7518.110000000001,3002.9,8326.09,12,12,150.36,90.3,626.51,81,Good
P00435,O0435,2026-08,7107.29,2662.15,6990.74,9,9,166.98,101.67,789.7,88,Excellent
P00436,O0436,2026-08,3980.01,6303.07,4036.13,8,8,-36.86,98.61,497.5,76,Good
P00437,O0437,2026-08,5445.97,5690.12,5485.48,12,12,-4.29,99.28,453.83,83,Good
P00438,O0438,2026-08,5184.63,7056.8,5591.81,10,10,-26.53,92.72,518.46,73,Good
P00439,O0439,2026-08,5748.11,6867.85,5685.21,12,12,-16.3,101.11,479.01,78,Good
P00440,O0440,2026-08,3986.71,5688.07,4208.01,8,8,-29.91,94.74,498.34,68,Average
P00441,O0441,2026-08,1496.1399999999999,3423.76,1672.04,7,7,-56.3,89.48,213.73,62,Average
P00442,O0442,2026-08,3622.63,5444.96,3760.42,15,15,-33.47,96.34,241.51,68,Average
P00443,O0443,2026-08,3773.14,3679.0,3863.16,12,12,2.56,97.67,314.43,75,Good
P00444,O0444,2026-08,2661.57,3793.44,2910.82,9,9,-29.84,91.44,295.73,65,Average
P00445,O0445,2026-08,4892.91,2605.73,5453.16,13,13,87.78,89.73,376.38,87,Excellent
P00446,O0446,2026-08,4132.860000000001,1787.71,4436.85,16,16,131.18,93.15,258.3,95,Excellent
P00447,O0447,2026-08,3059.7400000000002,4527.97,2922.42,12,12,-32.43,104.7,254.98,72,Good
P00448,O0448,2026-08,3539.49,3670.41,3670.48,15,15,-3.57,96.43,235.97,84,Good
P00449,O0449,2026-08,6259.93,2802.66,6299.82,19,19,123.36,99.37,329.47,89,Excellent
P00450,O0450,2026-08,2555.75,1925.3600000000001,2786.37,11,11,32.74,91.72,232.34,76,Good
P00451,O0451,2026-08,2798.1,7296.59,2816.53,5,5,-61.65,99.35,559.62,72,Good
P00452,O0452,2026-08,2961.63,11786.89,2972.65,6,6,-74.87,99.63,493.6,73,Good
P00453,O0453,2026-08,7723.07,4029.12,7828.81,14,14,91.68,98.65,551.65,86,Excellent
P00454,O0454,2026-08,6885.84,5512.42,6562.82,12,12,24.92,104.92,573.82,93,Excellent
P00455,O0455,2026-08,7870.07,8330.69,8063.23,12,12,-5.53,97.6,655.84,79,Good
P00456,O0456,2026-08,6705.12,2705.9,6944.14,12,12,147.8,96.56,558.76,89,Excellent
P00457,O0457,2026-08,5892.82,8711.84,6248.39,7,7,-32.36,94.31,841.83,67,Average
P00458,O0458,2026-08,10084.66,4361.32,10723.46,14,14,131.23,94.04,720.33,83,Good
P00459,O0459,2026-08,2464.85,4159.13,2695.64,5,5,-40.74,91.44,492.97,65,Average
P00460,O0460,2026-08,5486.07,9449.28,5710.23,8,8,-41.94,96.07,685.76,75,Good
P00461,O0461,2026-08,7493.16,7472.88,7913.06,19,19,0.27,94.69,394.38,69,Average
P00462,O0462,2026-08,11763.539999999999,5250.57,11422.57,23,23,124.04,102.99,511.46,100,Excellent
P00463,O0463,2026-08,9501.8,9494.06,10636.25,19,19,0.08,89.33,500.09,73,Good
P00464,O0464,2026-08,9383.59,8855.45,10125.85,16,16,5.96,92.67,586.47,78,Good
P00465,O0465,2026-08,11529.29,11888.050000000001,11633.87,20,20,-3.02,99.1,576.46,86,Excellent
P00466,O0466,2026-08,6094.97,11163.55,6162.67,17,17,-45.4,98.9,358.53,74,Good
P00467,O0467,2026-08,9278.3,8222.44,9949.14,13,13,12.84,93.26,713.72,73,Good
P00468,O0468,2026-08,6874.95,14955.460000000001,6922.98,17,17,-54.03,99.31,404.41,64,Average
P00469,O0469,2026-08,8781.32,10314.47,8791.51,23,23,-14.86,99.88,381.8,69,Average
P00470,O0470,2026-08,10163.27,11018.710000000001,10557.39,22,22,-7.76,96.27,461.97,68,Average
P00471,O0471,2026-08,4889.14,2103.1,5049.58,13,13,132.47,96.82,376.09,98,Excellent
P00472,O0472,2026-08,5763.92,5831.0599999999995,6257.14,13,13,-1.15,92.12,443.38,82,Good
P00473,O0473,2026-08,2145.69,6924.070000000001,2262.77,6,6,-69.01,94.83,357.62,61,Average
P00474,O0474,2026-08,4849.48,6161.38,5265.58,13,13,-21.29,92.1,373.04,73,Good
P00475,O0475,2026-08,3942.0299999999997,1551.3200000000002,3827.83,11,11,154.11,102.98,358.37,96,Excellent
P00476,O0476,2026-08,3908.16,9809.64,3765.05,9,9,-60.16,103.8,434.24,63,Average
P00477,O0477,2026-08,4128.48,5774.88,4142.34,12,12,-28.51,99.67,344.04,68,Average
P00478,O0478,2026-08,3978.21,6060.12,3942.27,10,10,-34.35,100.91,397.82,65,Average
P00479,O0479,2026-08,3033.52,2234.26,3261.46,7,7,35.77,93.01,433.36,86,Excellent
P00480,O0480,2026-08,6624.25,3212.19,6834.94,14,14,106.22,96.92,473.16,96,Excellent
P00481,O0481,2026-08,9356.49,7429.11,9047.52,21,21,25.94,103.41,445.55,92,Excellent
P00482,O0482,2026-08,11507.17,9156.84,11530.26,17,17,25.67,99.8,676.89,80,Good
P00483,O0483,2026-08,8463.68,7611.18,8885.78,13,13,11.2,95.25,651.05,79,Good
P00484,O0484,2026-08,5002.84,7805.8,5215.88,14,14,-35.91,95.92,357.35,72,Good
P00485,O0485,2026-08,4892.99,8529.75,5022.0,13,13,-42.64,97.43,376.38,75,Good
P00486,O0486,2026-08,8771.13,7844.36,8864.18,20,20,11.81,98.95,438.56,86,Excellent
P00487,O0487,2026-08,5687.96,8466.25,5809.07,14,14,-32.82,97.92,406.28,78,Good
P00488,O0488,2026-08,6956.97,4864.43,7068.31,15,15,43.02,98.42,463.8,86,Excellent
P00489,O0489,2026-08,8454.67,8676.0,8481.82,20,20,-2.55,99.68,422.73,83,Good
P00490,O0490,2026-08,9696.46,8077.16,9396.98,21,21,20.05,103.19,461.74,90,Excellent
P00491,O0491,2026-08,2258.44,2075.42,2483.83,14,14,8.82,90.93,161.32,72,Good
P00492,O0492,2026-08,2161.7599999999998,3341.0,2360.07,8,8,-35.3,91.6,270.22,61,Average
P00493,O0493,2026-08,3986.1200000000003,2924.08,4336.23,22,22,36.32,91.93,181.19,82,Good
P00494,O0494,2026-08,2097.94,2311.88,2260.78,11,11,-9.25,92.8,190.72,69,Average
P00495,O0495,2026-08,2803.58,1264.37,2915.1,12,12,121.74,96.17,233.63,85,Excellent
P00496,O0496,2026-08,3126.4700000000003,2105.69,3141.28,16,16,48.48,99.53,195.4,88,Excellent
P00497,O0497,2026-08,2527.7,1503.9,2444.55,14,14,68.08,103.4,180.55,88,Excellent
P00498,O0498,2026-08,2511.42,1160.8000000000002,2526.21,11,11,116.35,99.41,228.31,96,Excellent
P00499,O0499,2026-08,1551.72,3704.62,1492.61,7,7,-58.11,103.96,221.67,68,Average
P00500,O0500,2026-08,2553.73,2795.85,2644.91,13,13,-8.66,96.55,196.44,69,Average
