outlet_id,item_id,selling_price,available
O0001,I0189,450.52,True
O0001,I0005,518.96,True
O0001,I0188,303.98,True
O0001,I0006,323.75,True
O0001,I0008,351.22,True
O0001,I0163,124.59,True
O0001,I0202,354.69,True
O0001,I0160,139.51,True
O0001,I0193,321.36,True
O0001,I0192,242.44,True
O0001,I0003,440.78,True
O0001,I0159,476.73,True
O0001,I0190,285.01,True
O0001,I0171,440.64,True
O0001,I0196,379.09,True
O0001,I0162,157.2,True
O0001,I0172,131.04,True
O0001,I0197,480.93,True
O0002,I0159,488.17,True
O0002,I0201,137.84,True
O0002,I0001,341.0,True
O0002,I0170,292.55,True
O0002,I0197,486.61,True
O0002,I0171,449.97,True
O0002,I0008,375.54,True
O0002,I0200,156.04,True
O0002,I0160,131.14,True
O0002,I0002,385.26,True
O0002,I0168,448.36,True
O0002,I0199,211.53,True
O0002,I0165,407.1,True
O0002,I0198,257.34,True
O0002,I0007,302.34,True
O0002,I0190,299.25,True
O0002,I0192,238.81,True
O0002,I0167,137.24,True
O0003,I0003,446.49,True
O0003,I0008,362.53,False
O0003,I0189,475.14,True
O0003,I0163,139.58,True
O0003,I0200,160.59,True
O0003,I0193,292.4,True
O0003,I0170,308.56,True
O0003,I0165,436.43,True
O0003,I0159,487.85,True
O0003,I0188,295.88,True
O0003,I0195,339.22,True
O0003,I0158,130.57,True
O0003,I0199,211.44,True
O0003,I0171,449.35,True
O0003,I0009,350.73,True
O0003,I0194,444.15,True
O0003,I0169,343.7,True
O0003,I0007,273.36,True
O0004,I0007,298.17,True
O0004,I0166,236.55,True
O0004,I0170,311.11,True
O0004,I0194,441.48,True
O0004,I0167,123.93,True
O0004,I0001,331.8,True
O0004,I0159,548.08,True
O0004,I0161,505.44,True
O0004,I0165,423.23,True
O0004,I0199,213.55,True
O0004,I0158,126.49,True
O0004,I0163,141.76,True
O0004,I0164,303.06,True
O0004,I0160,123.94,True
O0004,I0197,520.04,True
O0004,I0172,131.06,True
O0004,I0004,476.99,True
O0004,I0008,343.23,True
O0005,I0168,464.04,True
O0005,I0003,464.42,True
O0005,I0171,431.11,True
O0005,I0193,284.53,True
O0005,I0172,137.5,True
O0005,I0002,398.36,True
O0005,I0194,479.73,True
O0005,I0160,136.08,True
O0005,I0006,298.12,True
O0005,I0164,282.67,True
O0005,I0166,232.78,True
O0005,I0189,434.04,True
O0005,I0170,313.22,True
O0005,I0198,262.26,True
O0005,I0158,135.19,True
O0005,I0162,158.98,True
O0005,I0188,305.59,True
O0005,I0163,123.09,True
O0006,I0161,542.23,True
O0006,I0001,342.8,True
O0006,I0189,460.58,True
O0006,I0162,146.78,True
O0006,I0009,344.57,True
O0006,I0170,297.48,True
O0006,I0197,504.48,True
O0006,I0198,268.49,True
O0006,I0200,160.43,True
O0006,I0004,431.5,True
O0006,I0165,387.9,True
O0006,I0163,129.42,True
O0006,I0168,438.66,True
O0006,I0195,339.33,True
O0006,I0158,133.69,True
O0006,I0005,481.33,True
O0006,I0160,123.36,True
O0006,I0169,349.06,True
O0007,I0004,467.5,True
O0007,I0167,128.56,True
O0007,I0161,520.3,True
O0007,I0165,411.99,True
O0007,I0197,546.22,True
O0007,I0199,208.37,True
O0007,I0189,441.63,True
O0007,I0005,548.63,True
O0007,I0193,318.12,True
O0007,I0163,127.2,True
O0007,I0190,322.98,True
O0007,I0191,523.79,True
O0007,I0192,250.55,True
O0007,I0196,421.45,True
O0007,I0166,222.29,True
O0007,I0188,322.01,True
O0007,I0162,155.37,True
O0007,I0170,290.01,True
O0008,I0001,360.55,True
O0008,I0005,532.98,True
O0008,I0006,293.0,True
O0008,I0193,286.56,True
O0008,I0199,193.78,True
O0008,I0202,359.7,True
O0008,I0162,155.25,True
O0008,I0159,524.13,True
O0008,I0195,315.32,True
O0008,I0168,469.36,True
O0008,I0197,542.59,True
O0008,I0172,137.91,True
O0008,I0169,344.02,True
O0008,I0167,138.74,True
O0008,I0003,468.51,False
O0008,I0198,247.5,True
O0008,I0190,294.8,True
O0008,I0164,279.49,True
O0009,I0172,133.41,True
O0009,I0201,136.42,True
O0009,I0194,477.56,True
O0009,I0167,122.97,True
O0009,I0199,194.62,True
O0009,I0002,414.71,True
O0009,I0198,267.04,True
O0009,I0159,489.14,True
O0009,I0168,452.67,True
O0009,I0005,498.35,True
O0009,I0196,413.58,True
O0009,I0006,284.33,True
O0009,I0192,240.81,True
O0009,I0004,450.14,True
O0009,I0003,419.21,True
O0009,I0189,445.08,True
O0009,I0007,299.23,True
O0009,I0161,480.54,True
O0010,I0007,298.99,True
O0010,I0001,368.1,True
O0010,I0172,132.08,True
O0010,I0192,256.68,True
O0010,I0190,285.41,True
O0010,I0005,519.34,True
O0010,I0197,489.15,True
O0010,I0170,315.26,True
O0010,I0165,415.89,True
O0010,I0171,477.78,True
O0010,I0003,453.62,True
O0010,I0198,268.44,True
O0010,I0201,140.83,True
O0010,I0194,486.45,True
O0010,I0166,228.69,True
O0010,I0158,134.36,True
O0010,I0193,320.89,True
O0010,I0162,162.04,True
O0011,I0196,430.35,True
O0011,I0192,261.97,True
O0011,I0159,521.1,True
O0011,I0197,476.32,True
O0011,I0002,413.51,True
O0011,I0189,482.83,True
O0011,I0188,296.66,True
O0011,I0169,346.75,True
O0011,I0199,195.52,True
O0011,I0201,129.54,True
O0011,I0163,126.52,True
O0011,I0003,443.16,True
O0011,I0198,251.92,True
O0011,I0191,494.49,True
O0011,I0162,152.02,True
O0011,I0172,133.08,True
O0011,I0161,492.4,True
O0011,I0194,485.35,True
O0012,I0170,303.29,True
O0012,I0159,508.92,True
O0012,I0171,438.16,True
O0012,I0008,372.39,True
O0012,I0161,499.04,True
O0012,I0160,125.23,True
O0012,I0194,456.93,True
O0012,I0202,334.95,True
O0012,I0003,452.44,True
O0012,I0163,131.7,True
O0012,I0006,303.37,True
O0012,I0001,373.79,True
O0012,I0199,207.46,True
O0012,I0193,311.82,True
O0012,I0190,296.34,True
O0012,I0005,476.85,True
O0012,I0007,288.98,True
O0012,I0162,149.55,True
O0013,I0189,462.94,True
O0013,I0003,429.37,True
O0013,I0196,405.64,True
O0013,I0193,305.14,True
O0013,I0006,313.0,True
O0013,I0201,134.3,True
O0013,I0165,416.3,True
O0013,I0002,417.89,True
O0013,I0191,528.55,True
O0013,I0167,133.88,True
O0013,I0009,341.24,True
O0013,I0190,288.72,True
O0013,I0166,243.88,True
O0013,I0161,548.56,True
O0013,I0004,456.46,True
O0013,I0164,281.4,True
O0013,I0197,477.68,True
O0013,I0158,124.74,True
O0014,I0161,506.24,True
O0014,I0193,301.9,True
O0014,I0191,505.94,True
O0014,I0159,483.0,True
O0014,I0163,127.7,True
O0014,I0007,273.4,True
O0014,I0160,137.23,True
O0014,I0202,331.89,True
O0014,I0190,299.8,True
O0014,I0196,382.94,True
O0014,I0199,212.02,True
O0014,I0167,135.56,True
O0014,I0169,332.02,True
O0014,I0002,420.44,True
O0014,I0172,141.28,True
O0014,I0198,271.31,True
O0014,I0162,144.91,True
O0014,I0005,518.11,True
O0015,I0200,158.53,True
O0015,I0167,131.59,True
O0015,I0196,421.96,True
O0015,I0158,141.36,True
O0015,I0163,134.34,True
O0015,I0202,332.18,True
O0015,I0188,313.7,True
O0015,I0168,442.52,True
O0015,I0160,126.96,True
O0015,I0166,244.83,True
O0015,I0171,492.41,True
O0015,I0198,252.0,True
O0015,I0002,383.84,True
O0015,I0191,548.47,True
O0015,I0008,377.8,True
O0015,I0199,196.92,True
O0015,I0195,352.53,True
O0015,I0162,160.89,True
O0016,I0159,500.7,True
O0016,I0191,506.77,True
O0016,I0169,347.25,True
O0016,I0171,464.64,True
O0016,I0197,497.74,True
O0016,I0172,124.06,True
O0016,I0163,126.39,True
O0016,I0199,203.55,True
O0016,I0008,370.3,True
O0016,I0201,127.04,True
O0016,I0005,528.29,True
O0016,I0196,383.76,True
O0016,I0004,451.17,True
O0016,I0158,131.37,True
O0016,I0009,349.59,True
O0016,I0161,504.06,True
O0016,I0165,426.52,True
O0016,I0195,350.99,True
O0017,I0005,527.61,False
O0017,I0167,130.8,True
O0017,I0202,324.31,True
O0017,I0006,319.27,True
O0017,I0162,156.88,True
O0017,I0009,332.55,True
O0017,I0197,531.49,True
O0017,I0189,449.19,True
O0017,I0200,156.29,True
O0017,I0168,460.5,True
O0017,I0198,238.3,True
O0017,I0164,301.72,True
O0017,I0172,126.36,True
O0017,I0003,413.08,True
O0017,I0188,288.2,True
O0017,I0192,259.56,True
O0017,I0194,443.58,True
O0017,I0193,314.11,True
O0018,I0164,275.94,True
O0018,I0165,401.62,True
O0018,I0194,428.58,True
O0018,I0198,248.48,True
O0018,I0004,474.53,True
O0018,I0168,455.3,True
O0018,I0188,286.37,True
O0018,I0195,347.01,True
O0018,I0201,126.13,True
O0018,I0158,137.13,True
O0018,I0197,528.87,True
O0018,I0002,385.77,True
O0018,I0161,510.77,True
O0018,I0199,207.95,True
O0018,I0200,144.79,True
O0018,I0202,341.99,True
O0018,I0171,492.91,True
O0018,I0007,277.52,True
O0019,I0195,354.76,True
O0019,I0009,316.74,True
O0019,I0171,431.23,True
O0019,I0192,269.0,True
O0019,I0159,511.44,True
O0019,I0197,525.43,True
O0019,I0165,424.99,True
O0019,I0170,304.46,True
O0019,I0007,272.7,True
O0019,I0162,153.03,True
O0019,I0167,133.76,True
O0019,I0003,451.87,True
O0019,I0196,385.39,True
O0019,I0002,426.28,True
O0019,I0191,490.51,True
O0019,I0166,225.5,True
O0019,I0164,285.55,True
O0019,I0199,210.48,True
O0020,I0195,356.84,True
O0020,I0007,273.93,True
O0020,I0170,295.64,True
O0020,I0003,439.67,True
O0020,I0165,402.86,True
O0020,I0163,135.23,True
O0020,I0192,252.33,True
O0020,I0197,515.56,True
O0020,I0168,479.56,True
O0020,I0190,312.22,True
O0020,I0008,355.56,True
O0020,I0200,160.29,True
O0020,I0199,197.4,True
O0020,I0164,297.08,True
O0020,I0201,128.35,True
O0020,I0004,447.5,False
O0020,I0005,503.42,True
O0020,I0001,363.82,True
O0021,I0017,431.92,True
O0021,I0015,260.09,True
O0021,I0016,360.44,True
O0021,I0012,500.27,True
O0021,I0010,411.34,True
O0021,I0013,446.89,True
O0021,I0014,360.58,True
O0021,I0011,466.72,True
O0022,I0016,346.19,True
O0022,I0014,315.24,True
O0022,I0011,455.72,True
O0022,I0015,237.78,True
O0022,I0013,432.98,True
O0022,I0012,524.78,True
O0022,I0017,392.82,True
O0022,I0010,435.08,True
O0023,I0017,401.97,True
O0023,I0016,356.02,True
O0023,I0010,404.51,True
O0023,I0011,441.63,True
O0023,I0013,464.16,True
O0023,I0015,249.34,True
O0023,I0014,338.09,True
O0023,I0012,506.04,True
O0024,I0013,414.42,True
O0024,I0011,479.49,True
O0024,I0015,257.84,True
O0024,I0010,418.79,True
O0024,I0014,322.44,True
O0024,I0016,379.14,True
O0024,I0017,426.8,True
O0024,I0012,525.78,True
O0025,I0017,419.59,True
O0025,I0011,427.41,True
O0025,I0015,270.59,True
O0025,I0013,413.05,True
O0025,I0014,347.26,True
O0025,I0012,509.77,True
O0025,I0010,383.71,True
O0025,I0016,374.78,True
O0026,I0017,381.3,True
O0026,I0015,262.85,True
O0026,I0010,385.7,True
O0026,I0016,337.44,True
O0026,I0011,444.93,True
O0026,I0013,416.16,True
O0026,I0012,525.21,True
O0026,I0014,315.04,True
O0027,I0013,423.68,True
O0027,I0014,338.82,True
O0027,I0015,264.35,True
O0027,I0010,438.7,True
O0027,I0011,468.91,True
O0027,I0016,354.72,True
O0027,I0012,478.58,True
O0027,I0017,406.95,True
O0028,I0011,485.1,True
O0028,I0016,336.15,True
O0028,I0010,385.11,True
O0028,I0013,431.46,True
O0028,I0017,397.27,True
O0028,I0014,349.08,True
O0028,I0012,519.82,True
O0028,I0015,264.19,True
O0029,I0016,340.35,True
O0029,I0013,454.24,True
O0029,I0017,424.65,True
O0029,I0012,523.59,True
O0029,I0011,432.91,True
O0029,I0015,250.32,True
O0029,I0014,351.01,True
O0029,I0010,424.42,True
O0030,I0010,433.39,True
O0030,I0015,237.02,True
O0030,I0016,361.74,True
O0030,I0011,437.83,True
O0030,I0017,419.88,True
O0030,I0013,437.67,True
O0030,I0014,332.38,True
O0030,I0012,474.52,True
O0031,I0158,131.44,True
O0031,I0202,341.6,True
O0031,I0006,295.29,True
O0031,I0188,328.7,True
O0031,I0198,267.79,True
O0031,I0194,449.24,True
O0031,I0195,326.31,True
O0031,I0162,144.67,True
O0031,I0168,438.44,True
O0031,I0007,283.77,True
O0031,I0166,226.97,True
O0031,I0167,124.05,True
O0031,I0201,138.36,True
O0031,I0004,475.43,True
O0031,I0197,524.82,True
O0031,I0193,305.49,True
O0031,I0200,143.82,True
O0031,I0160,135.01,True
O0032,I0199,218.36,True
O0032,I0198,250.2,True
O0032,I0168,489.74,True
O0032,I0003,448.23,True
O0032,I0201,137.06,True
O0032,I0162,155.27,True
O0032,I0171,439.06,True
O0032,I0194,469.37,True
O0032,I0001,333.4,True
O0032,I0190,322.61,True
O0032,I0161,548.46,False
O0032,I0195,329.55,True
O0032,I0002,388.58,True
O0032,I0200,156.38,False
O0032,I0007,300.43,True
O0032,I0004,434.55,True
O0032,I0005,502.22,True
O0032,I0006,308.53,True
O0033,I0192,249.73,True
O0033,I0200,161.66,True
O0033,I0002,436.05,True
O0033,I0170,316.23,True
O0033,I0007,270.24,True
O0033,I0168,478.34,True
O0033,I0189,471.15,True
O0033,I0197,511.83,True
O0033,I0193,288.63,True
O0033,I0159,481.68,True
O0033,I0001,340.08,True
O0033,I0201,129.95,True
O0033,I0164,292.01,True
O0033,I0169,343.31,True
O0033,I0158,128.97,True
O0033,I0160,136.1,True
O0033,I0163,134.1,True
O0033,I0167,137.64,True
O0034,I0172,129.63,True
O0034,I0189,443.37,True
O0034,I0188,305.69,True
O0034,I0003,455.9,False
O0034,I0171,493.14,True
O0034,I0191,482.94,True
O0034,I0161,540.21,True
O0034,I0170,287.01,True
O0034,I0009,351.74,True
O0034,I0001,382.38,True
O0034,I0162,150.47,True
O0034,I0169,372.32,True
O0034,I0160,125.69,True
O0034,I0002,399.84,True
O0034,I0201,128.27,True
O0034,I0167,127.47,True
O0034,I0197,487.86,True
O0034,I0006,284.19,True
O0035,I0194,493.64,True
O0035,I0162,141.61,True
O0035,I0168,471.92,True
O0035,I0159,478.81,True
O0035,I0163,127.05,True
O0035,I0169,337.06,True
O0035,I0005,476.69,True
O0035,I0003,433.48,True
O0035,I0170,291.44,True
O0035,I0196,412.47,True
O0035,I0199,208.02,True
O0035,I0006,290.08,True
O0035,I0193,303.94,True
O0035,I0190,289.92,True
O0035,I0197,517.19,True
O0035,I0172,127.82,True
O0035,I0009,316.1,True
O0035,I0171,438.07,True
O0036,I0188,314.6,True
O0036,I0194,443.49,True
O0036,I0162,160.19,True
O0036,I0171,453.14,True
O0036,I0009,359.49,True
O0036,I0003,445.0,True
O0036,I0199,216.7,True
O0036,I0193,305.11,True
O0036,I0189,476.44,True
O0036,I0170,323.99,True
O0036,I0201,125.61,True
O0036,I0161,519.53,True
O0036,I0167,131.01,False
O0036,I0192,248.15,True
O0036,I0164,302.91,True
O0036,I0190,306.46,True
O0036,I0007,274.2,True
O0036,I0172,133.15,False
O0037,I0164,265.96,True
O0037,I0200,162.02,True
O0037,I0002,402.6,True
O0037,I0193,297.82,True
O0037,I0192,255.33,True
O0037,I0198,245.23,True
O0037,I0170,300.57,True
O0037,I0191,528.43,True
O0037,I0008,335.69,True
O0037,I0159,477.36,True
O0037,I0194,480.27,True
O0037,I0171,468.23,True
O0037,I0001,340.47,True
O0037,I0197,541.04,True
O0037,I0169,366.75,True
O0037,I0006,321.67,True
O0037,I0199,201.48,True
O0037,I0168,433.27,True
O0038,I0004,493.31,True
O0038,I0001,357.28,True
O0038,I0163,128.02,True
O0038,I0003,471.9,True
O0038,I0170,319.55,False
O0038,I0171,455.22,True
O0038,I0165,396.27,True
O0038,I0158,138.99,True
O0038,I0002,400.56,True
O0038,I0193,306.26,True
O0038,I0159,509.5,True
O0038,I0194,474.97,True
O0038,I0161,537.04,True
O0038,I0167,139.66,True
O0038,I0199,200.01,True
O0038,I0168,450.58,True
O0038,I0008,369.82,True
O0038,I0191,508.79,True
O0039,I0191,540.7,True
O0039,I0164,271.88,True
O0039,I0192,265.15,True
O0039,I0169,363.09,True
O0039,I0004,431.62,True
O0039,I0003,453.08,True
O0039,I0202,317.71,True
O0039,I0008,366.82,True
O0039,I0166,224.67,True
O0039,I0198,247.48,True
O0039,I0168,452.83,True
O0039,I0163,134.4,True
O0039,I0172,127.4,False
O0039,I0188,322.66,True
O0039,I0002,381.09,True
O0039,I0197,507.61,True
O0039,I0158,140.17,True
O0039,I0006,294.08,True
O0040,I0002,383.99,True
O0040,I0201,138.45,True
O0040,I0164,279.56,True
O0040,I0162,147.35,True
O0040,I0202,327.4,True
O0040,I0188,321.91,True
O0040,I0171,479.37,True
O0040,I0004,428.45,True
O0040,I0195,354.63,True
O0040,I0005,513.19,True
O0040,I0158,130.24,True
O0040,I0198,244.7,True
O0040,I0168,462.03,True
O0040,I0160,129.02,True
O0040,I0190,286.39,True
O0040,I0172,129.92,True
O0040,I0167,126.09,True
O0040,I0161,493.21,True
O0041,I0019,377.84,True
O0041,I0024,241.7,True
O0041,I0023,244.81,True
O0041,I0018,405.09,True
O0041,I0020,471.88,True
O0041,I0025,94.65,True
O0041,I0021,309.51,True
O0041,I0022,300.61,True
O0042,I0024,221.34,True
O0042,I0020,457.27,True
O0042,I0025,89.61,True
O0042,I0023,253.21,True
O0042,I0018,384.12,True
O0042,I0022,328.7,True
O0042,I0019,378.06,True
O0042,I0021,286.01,True
O0043,I0022,320.29,True
O0043,I0021,308.21,True
O0043,I0019,367.66,True
O0043,I0023,263.83,True
O0043,I0018,364.5,True
O0043,I0020,458.8,True
O0043,I0025,89.6,True
O0043,I0024,223.5,True
O0044,I0025,96.75,True
O0044,I0021,301.83,True
O0044,I0019,368.01,True
O0044,I0018,409.0,True
O0044,I0023,244.68,True
O0044,I0020,458.45,True
O0044,I0022,313.8,True
O0044,I0024,251.06,True
O0045,I0022,305.68,True
O0045,I0021,299.23,True
O0045,I0019,371.36,False
O0045,I0025,87.77,True
O0045,I0024,233.35,True
O0045,I0023,271.1,True
O0045,I0020,469.89,True
O0045,I0018,377.25,True
O0046,I0018,393.41,True
O0046,I0025,91.22,True
O0046,I0023,256.76,True
O0046,I0019,379.19,True
O0046,I0024,219.81,True
O0046,I0022,322.76,True
O0046,I0021,313.76,True
O0046,I0020,442.86,True
O0047,I0021,324.1,True
O0047,I0019,348.67,True
O0047,I0024,223.13,True
O0047,I0022,321.54,True
O0047,I0023,239.85,True
O0047,I0020,445.13,True
O0047,I0025,93.5,True
O0047,I0018,360.91,True
O0048,I0023,246.72,True
O0048,I0021,297.84,True
O0048,I0018,375.08,True
O0048,I0020,483.18,True
O0048,I0024,230.38,True
O0048,I0019,381.56,True
O0048,I0022,327.24,True
O0048,I0025,86.74,True
O0049,I0024,245.94,True
O0049,I0023,241.77,True
O0049,I0020,487.3,True
O0049,I0025,87.61,True
O0049,I0022,290.86,True
O0049,I0019,370.24,False
O0049,I0018,369.19,True
O0049,I0021,309.96,True
O0050,I0020,484.39,True
O0050,I0021,302.72,True
O0050,I0022,286.72,True
O0050,I0024,235.7,False
O0050,I0023,262.69,True
O0050,I0018,413.41,True
O0050,I0025,87.2,True
O0050,I0019,352.42,True
O0051,I0019,380.46,True
O0051,I0018,410.33,True
O0051,I0020,444.26,True
O0051,I0024,248.8,False
O0051,I0021,326.65,True
O0051,I0025,87.36,True
O0051,I0023,239.31,True
O0051,I0022,300.47,True
O0052,I0019,352.7,True
O0052,I0018,363.04,True
O0052,I0020,457.92,True
O0052,I0022,310.62,True
O0052,I0021,296.98,True
O0052,I0024,224.87,True
O0052,I0025,97.24,True
O0052,I0023,243.71,True
O0053,I0018,389.29,True
O0053,I0020,450.2,True
O0053,I0025,95.25,True
O0053,I0019,374.71,True
O0053,I0021,304.05,True
O0053,I0023,259.94,True
O0053,I0024,220.49,True
O0053,I0022,324.94,True
O0054,I0021,307.59,True
O0054,I0023,256.08,True
O0054,I0022,324.91,True
O0054,I0018,369.99,True
O0054,I0025,89.21,True
O0054,I0019,381.38,True
O0054,I0020,468.32,True
O0054,I0024,227.31,True
O0055,I0023,236.91,True
O0055,I0024,238.71,True
O0055,I0019,371.45,True
O0055,I0020,440.88,True
O0055,I0018,413.88,True
O0055,I0025,95.15,True
O0055,I0022,326.95,True
O0055,I0021,305.95,True
O0056,I0021,305.55,True
O0056,I0025,91.5,True
O0056,I0023,238.37,True
O0056,I0024,230.62,True
O0056,I0018,369.85,True
O0056,I0019,344.13,True
O0056,I0022,289.93,True
O0056,I0020,440.95,True
O0057,I0024,245.89,True
O0057,I0018,402.52,True
O0057,I0020,476.3,True
O0057,I0019,372.34,True
O0057,I0021,320.94,True
O0057,I0023,248.73,True
O0057,I0025,84.62,True
O0057,I0022,290.99,True
O0058,I0019,358.6,True
O0058,I0020,458.73,True
O0058,I0021,294.41,True
O0058,I0025,88.21,True
O0058,I0018,402.48,True
O0058,I0024,249.43,True
O0058,I0023,254.96,True
O0058,I0022,290.5,True
O0059,I0019,364.88,True
O0059,I0023,273.9,True
O0059,I0022,323.25,True
O0059,I0018,393.5,True
O0059,I0021,293.54,True
O0059,I0025,96.31,True
O0059,I0020,464.28,True
O0059,I0024,224.37,False
O0060,I0021,302.4,True
O0060,I0020,480.5,True
O0060,I0022,307.15,True
O0060,I0024,234.45,True
O0060,I0025,85.31,True
O0060,I0023,254.53,True
O0060,I0019,376.7,True
O0060,I0018,391.14,True
O0061,I0027,214.72,True
O0061,I0029,368.37,True
O0061,I0031,299.83,True
O0061,I0030,236.13,True
O0061,I0028,429.26,True
O0061,I0026,159.58,True
O0062,I0026,156.98,True
O0062,I0030,250.09,True
O0062,I0029,365.41,True
O0062,I0031,312.09,True
O0062,I0027,218.79,True
O0062,I0028,419.15,True
O0063,I0030,250.95,True
O0063,I0029,392.34,True
O0063,I0031,318.22,True
O0063,I0028,387.04,True
O0063,I0026,146.45,True
O0063,I0027,211.99,True
O0064,I0026,142.69,True
O0064,I0031,322.12,True
O0064,I0027,194.12,True
O0064,I0029,371.04,True
O0064,I0028,429.62,True
O0064,I0030,248.42,True
O0065,I0031,309.67,True
O0065,I0030,242.55,True
O0065,I0029,411.67,True
O0065,I0027,216.87,True
O0065,I0028,434.52,True
O0065,I0026,158.41,True
O0066,I0027,201.2,True
O0066,I0026,156.57,True
O0066,I0030,241.24,True
O0066,I0031,320.53,True
O0066,I0029,375.69,True
O0066,I0028,398.99,True
O0067,I0027,213.14,True
O0067,I0026,150.84,True
O0067,I0028,409.59,True
O0067,I0030,251.65,True
O0067,I0029,360.49,True
O0067,I0031,302.21,True
O0068,I0029,377.99,True
O0068,I0030,237.71,True
O0068,I0026,154.7,True
O0068,I0027,196.71,True
O0068,I0028,385.64,True
O0068,I0031,326.44,True
O0069,I0030,226.33,True
O0069,I0029,384.59,True
O0069,I0028,408.48,True
O0069,I0027,190.04,True
O0069,I0026,155.51,True
O0069,I0031,327.21,True
O0070,I0029,361.97,True
O0070,I0031,326.03,True
O0070,I0028,394.7,True
O0070,I0030,229.76,True
O0070,I0027,208.61,True
O0070,I0026,156.82,True
O0071,I0010,435.96,True
O0071,I0011,446.91,True
O0071,I0012,477.71,True
O0071,I0017,407.39,True
O0071,I0016,341.31,True
O0071,I0014,353.92,True
O0071,I0015,268.55,True
O0071,I0013,433.72,True
O0072,I0017,436.37,False
O0072,I0011,486.6,True
O0072,I0013,422.52,True
O0072,I0014,356.76,True
O0072,I0015,247.17,True
O0072,I0010,405.82,True
O0072,I0016,346.87,True
O0072,I0012,544.24,True
O0073,I0012,539.23,True
O0073,I0016,347.39,True
O0073,I0013,443.49,True
O0073,I0011,477.42,True
O0073,I0015,248.64,True
O0073,I0017,429.67,True
O0073,I0010,388.78,True
O0073,I0014,354.24,True
O0074,I0011,460.32,True
O0074,I0010,397.09,True
O0074,I0015,266.89,True
O0074,I0014,316.82,True
O0074,I0013,459.47,True
O0074,I0012,530.86,True
O0074,I0016,334.05,True
O0074,I0017,389.04,True
O0075,I0011,476.44,True
O0075,I0014,355.73,True
O0075,I0012,525.33,True
O0075,I0017,422.57,True
O0075,I0016,336.24,True
O0075,I0015,263.71,True
O0075,I0013,447.94,True
O0075,I0010,394.04,True
O0076,I0015,265.89,True
O0076,I0011,437.89,True
O0076,I0010,431.87,True
O0076,I0013,425.55,True
O0076,I0014,315.44,True
O0076,I0017,390.59,True
O0076,I0016,350.15,True
O0076,I0012,478.21,True
O0077,I0016,335.43,True
O0077,I0014,319.02,True
O0077,I0015,269.54,True
O0077,I0012,504.64,True
O0077,I0011,457.81,True
O0077,I0013,445.38,True
O0077,I0010,437.75,True
O0077,I0017,397.79,True
O0078,I0014,355.32,True
O0078,I0011,441.12,True
O0078,I0010,424.75,True
O0078,I0013,409.68,True
O0078,I0015,250.05,True
O0078,I0012,520.75,True
O0078,I0016,344.97,True
O0078,I0017,430.94,True
O0079,I0015,248.23,True
O0079,I0011,453.09,True
O0079,I0017,380.07,True
O0079,I0016,341.21,True
O0079,I0010,417.16,True
O0079,I0014,340.91,True
O0079,I0013,425.74,True
O0079,I0012,491.95,True
O0080,I0016,348.79,True
O0080,I0014,319.92,True
O0080,I0010,437.94,True
O0080,I0011,486.03,True
O0080,I0013,414.01,True
O0080,I0015,242.75,True
O0080,I0017,386.25,True
O0080,I0012,477.26,True
O0081,I0035,436.6,True
O0081,I0034,418.65,True
O0081,I0036,299.06,True
O0081,I0033,359.78,True
O0081,I0037,253.17,True
O0081,I0032,428.18,True
O0082,I0032,473.03,True
O0082,I0035,428.37,False
O0082,I0037,273.27,True
O0082,I0036,300.61,True
O0082,I0034,410.42,True
O0082,I0033,354.16,True
O0083,I0035,441.0,True
O0083,I0033,366.15,True
O0083,I0036,288.26,True
O0083,I0032,486.17,True
O0083,I0037,268.57,True
O0083,I0034,382.97,True
O0084,I0032,478.93,True
O0084,I0035,459.77,True
O0084,I0034,413.6,True
O0084,I0036,307.7,True
O0084,I0037,268.78,True
O0084,I0033,370.69,True
O0085,I0034,407.14,True
O0085,I0033,352.42,True
O0085,I0036,305.89,True
O0085,I0032,426.75,True
O0085,I0035,488.56,True
O0085,I0037,238.23,True
O0086,I0036,289.27,True
O0086,I0033,335.72,True
O0086,I0037,272.28,True
O0086,I0032,456.06,True
O0086,I0035,430.55,True
O0086,I0034,417.75,True
O0087,I0033,364.17,True
O0087,I0036,292.06,True
O0087,I0037,265.61,True
O0087,I0034,431.25,True
O0087,I0032,465.21,True
O0087,I0035,459.5,True
O0088,I0033,334.33,True
O0088,I0036,314.59,True
O0088,I0034,384.16,False
O0088,I0035,448.94,True
O0088,I0032,470.66,True
O0088,I0037,252.58,True
O0089,I0034,423.06,True
O0089,I0036,284.19,True
O0089,I0037,259.04,True
O0089,I0032,479.78,True
O0089,I0033,374.13,True
O0089,I0035,484.12,True
O0090,I0036,314.61,True
O0090,I0035,489.31,True
O0090,I0032,446.94,True
O0090,I0037,263.26,True
O0090,I0033,365.66,True
O0090,I0034,390.14,True
O0091,I0021,295.48,True
O0091,I0024,225.27,True
O0091,I0018,378.99,True
O0091,I0025,88.24,True
O0091,I0023,252.56,True
O0091,I0022,325.59,True
O0091,I0020,479.51,True
O0091,I0019,369.26,True
O0092,I0022,316.38,True
O0092,I0020,439.61,True
O0092,I0019,340.46,True
O0092,I0018,393.53,True
O0092,I0023,239.97,True
O0092,I0024,225.59,True
O0092,I0021,319.63,True
O0092,I0025,91.95,True
O0093,I0025,95.6,True
O0093,I0020,490.77,True
O0093,I0018,365.97,True
O0093,I0023,256.57,True
O0093,I0022,299.89,True
O0093,I0024,249.73,True
O0093,I0021,328.81,True
O0093,I0019,378.72,True
O0094,I0019,354.28,True
O0094,I0025,92.75,True
O0094,I0024,247.8,True
O0094,I0021,325.06,True
O0094,I0018,363.36,True
O0094,I0020,427.2,True
O0094,I0022,313.5,True
O0094,I0023,261.33,True
O0095,I0020,441.98,True
O0095,I0023,260.81,True
O0095,I0021,313.77,True
O0095,I0019,342.36,True
O0095,I0025,87.04,True
O0095,I0024,228.72,True
O0095,I0018,362.75,True
O0095,I0022,285.4,True
O0096,I0020,485.29,True
O0096,I0019,345.04,True
O0096,I0025,84.68,False
O0096,I0021,303.0,True
O0096,I0018,365.18,True
O0096,I0023,256.33,True
O0096,I0024,241.92,True
O0096,I0022,298.23,True
O0097,I0019,374.19,True
O0097,I0023,243.33,True
O0097,I0025,90.33,True
O0097,I0021,310.2,True
O0097,I0020,488.31,True
O0097,I0022,302.95,True
O0097,I0024,224.46,True
O0097,I0018,413.05,True
O0098,I0023,271.03,True
O0098,I0024,241.96,True
O0098,I0020,478.24,True
O0098,I0022,291.85,True
O0098,I0018,379.64,True
O0098,I0025,92.8,True
O0098,I0021,307.39,True
O0098,I0019,367.87,True
O0099,I0024,248.89,True
O0099,I0019,378.16,True
O0099,I0025,86.87,True
O0099,I0023,243.7,True
O0099,I0022,284.35,True
O0099,I0018,403.44,True
O0099,I0021,291.34,False
O0099,I0020,478.08,True
O0100,I0021,303.36,True
O0100,I0025,91.5,True
O0100,I0024,247.39,True
O0100,I0018,360.18,True
O0100,I0022,318.52,True
O0100,I0019,332.59,True
O0100,I0023,272.44,True
O0100,I0020,446.72,True
O0101,I0041,489.59,True
O0101,I0039,516.75,True
O0101,I0042,409.72,True
O0101,I0040,480.49,True
O0101,I0043,339.8,True
O0101,I0038,439.35,True
O0102,I0039,504.27,True
O0102,I0038,456.58,True
O0102,I0042,418.84,True
O0102,I0040,472.35,True
O0102,I0043,357.75,False
O0102,I0041,432.56,True
O0103,I0040,476.47,True
O0103,I0043,346.01,True
O0103,I0042,417.92,True
O0103,I0041,452.72,True
O0103,I0038,464.67,True
O0103,I0039,515.03,True
O0104,I0039,577.91,True
O0104,I0042,454.2,True
O0104,I0041,482.51,True
O0104,I0038,424.96,True
O0104,I0043,333.01,True
O0104,I0040,454.82,True
O0105,I0042,450.39,True
O0105,I0039,576.54,True
O0105,I0040,446.96,True
O0105,I0038,426.91,True
O0105,I0043,332.4,True
O0105,I0041,452.76,True
O0106,I0040,484.03,True
O0106,I0042,462.6,True
O0106,I0039,513.85,True
O0106,I0041,477.85,True
O0106,I0043,350.75,True
O0106,I0038,419.5,True
O0107,I0042,429.41,True
O0107,I0043,351.97,True
O0107,I0039,558.98,True
O0107,I0038,426.22,True
O0107,I0041,453.45,True
O0107,I0040,457.22,True
O0108,I0043,357.48,True
O0108,I0042,439.56,False
O0108,I0040,455.47,True
O0108,I0038,412.57,True
O0108,I0041,475.78,True
O0108,I0039,546.68,True
O0109,I0043,354.51,True
O0109,I0042,451.72,True
O0109,I0039,505.96,True
O0109,I0040,477.6,True
O0109,I0038,411.11,True
O0109,I0041,442.98,True
O0110,I0042,456.54,True
O0110,I0038,463.37,True
O0110,I0039,534.42,True
O0110,I0040,428.45,True
O0110,I0041,459.18,True
O0110,I0043,333.79,True
O0111,I0047,458.32,True
O0111,I0048,323.07,True
O0111,I0044,332.61,True
O0111,I0046,383.44,True
O0111,I0045,491.19,True
O0112,I0044,337.54,True
O0112,I0045,486.01,True
O0112,I0048,315.66,True
O0112,I0047,468.36,True
O0112,I0046,341.15,True
O0113,I0044,376.29,True
O0113,I0046,363.76,True
O0113,I0048,306.28,True
O0113,I0047,430.02,True
O0113,I0045,472.42,False
O0114,I0044,365.99,True
O0114,I0045,480.58,True
O0114,I0047,470.19,True
O0114,I0048,301.77,True
O0114,I0046,350.74,True
O0115,I0045,430.15,True
O0115,I0046,337.6,True
O0115,I0047,484.31,True
O0115,I0044,341.43,True
O0115,I0048,315.8,True
O0116,I0044,382.17,True
O0116,I0047,466.03,True
O0116,I0046,337.03,True
O0116,I0045,470.17,True
O0116,I0048,286.76,True
O0117,I0045,493.18,True
O0117,I0047,486.0,True
O0117,I0044,376.39,True
O0117,I0046,371.91,True
O0117,I0048,305.93,True
O0118,I0046,350.72,True
O0118,I0044,358.15,True
O0118,I0048,304.44,False
O0118,I0045,463.2,True
O0118,I0047,435.32,True
O0119,I0046,372.47,True
O0119,I0047,439.98,True
O0119,I0048,297.59,True
O0119,I0044,364.23,True
O0119,I0045,440.05,True
O0120,I0045,481.12,True
O0120,I0046,335.41,True
O0120,I0048,318.69,True
O0120,I0044,335.71,True
O0120,I0047,427.62,True
O0121,I0050,465.32,True
O0121,I0049,489.78,True
O0121,I0052,326.6,True
O0121,I0051,324.51,True
O0122,I0049,436.15,True
O0122,I0051,334.07,True
O0122,I0050,463.78,True
O0122,I0052,304.36,True
O0123,I0049,450.62,True
O0123,I0050,423.12,True
O0123,I0051,318.32,True
O0123,I0052,310.81,True
O0124,I0051,316.97,True
O0124,I0049,440.25,True
O0124,I0050,422.11,True
O0124,I0052,296.88,True
O0125,I0050,438.66,True
O0125,I0049,487.11,True
O0125,I0051,317.9,True
O0125,I0052,327.33,False
O0126,I0050,452.96,True
O0126,I0049,469.86,True
O0126,I0051,361.13,True
O0126,I0052,312.37,True
O0127,I0049,464.25,True
O0127,I0052,322.23,True
O0127,I0051,331.9,True
O0127,I0050,449.67,True
O0128,I0052,309.31,True
O0128,I0050,430.65,True
O0128,I0049,429.76,True
O0128,I0051,361.15,True
O0129,I0049,445.06,True
O0129,I0051,361.3,True
O0129,I0050,438.37,True
O0129,I0052,314.77,True
O0130,I0051,332.4,True
O0130,I0049,493.75,False
O0130,I0052,319.49,False
O0130,I0050,422.45,True
O0131,I0054,249.44,True
O0131,I0057,646.08,True
O0131,I0056,302.94,True
O0131,I0053,236.79,True
O0131,I0055,289.36,True
O0132,I0057,657.29,True
O0132,I0055,267.52,True
O0132,I0054,233.81,True
O0132,I0053,238.41,True
O0132,I0056,313.25,True
O0133,I0054,242.21,True
O0133,I0057,654.36,True
O0133,I0055,283.41,True
O0133,I0053,249.85,True
O0133,I0056,308.83,False
O0134,I0054,227.67,True
O0134,I0056,299.35,True
O0134,I0055,287.3,True
O0134,I0053,267.38,True
O0134,I0057,623.11,True
O0135,I0053,265.58,True
O0135,I0057,571.45,True
O0135,I0054,222.26,True
O0135,I0056,297.83,True
O0135,I0055,278.01,True
O0136,I0054,241.78,True
O0136,I0056,302.16,True
O0136,I0053,251.98,True
O0136,I0055,296.54,True
O0136,I0057,596.84,True
O0137,I0053,238.8,True
O0137,I0057,590.63,False
O0137,I0056,327.86,True
O0137,I0054,221.67,True
O0137,I0055,288.45,True
O0138,I0055,305.18,True
O0138,I0053,261.51,False
O0138,I0057,633.92,True
O0138,I0056,322.41,True
O0138,I0054,245.36,True
O0139,I0057,580.64,True
O0139,I0054,227.05,True
O0139,I0056,305.56,True
O0139,I0055,296.19,True
O0139,I0053,261.9,True
O0140,I0056,317.1,True
O0140,I0053,247.09,True
O0140,I0055,276.29,True
O0140,I0057,574.67,True
O0140,I0054,224.85,True
O0141,I0064,466.96,True
O0141,I0062,554.11,True
O0141,I0059,428.78,True
O0141,I0065,502.9,True
O0141,I0058,244.57,True
O0141,I0063,348.24,True
O0141,I0060,443.69,False
O0141,I0061,509.01,True
O0142,I0064,430.35,True
O0142,I0058,239.78,True
O0142,I0061,478.84,True
O0142,I0065,514.52,True
O0142,I0059,436.46,True
O0142,I0062,548.13,True
O0142,I0060,438.8,True
O0142,I0063,332.2,True
O0143,I0060,493.55,True
O0143,I0065,545.33,True
O0143,I0062,527.45,True
O0143,I0059,407.32,True
O0143,I0064,435.28,True
O0143,I0063,363.51,True
O0143,I0061,538.0,True
O0143,I0058,257.87,True
O0144,I0061,533.41,True
O0144,I0063,355.79,True
O0144,I0058,252.05,True
O0144,I0060,449.73,True
O0144,I0062,584.33,True
O0144,I0065,536.25,True
O0144,I0059,391.92,True
O0144,I0064,439.67,True
O0145,I0064,434.73,True
O0145,I0065,506.26,True
O0145,I0058,256.57,True
O0145,I0063,341.91,True
O0145,I0061,500.08,False
O0145,I0062,573.77,True
O0145,I0059,405.72,True
O0145,I0060,457.68,True
O0146,I0065,517.36,True
O0146,I0059,426.33,True
O0146,I0060,463.16,True
O0146,I0062,525.85,True
O0146,I0058,253.94,True
O0146,I0061,506.16,True
O0146,I0063,367.35,True
O0146,I0064,464.55,True
O0147,I0060,454.88,True
O0147,I0058,258.63,True
O0147,I0061,511.38,True
O0147,I0059,404.85,True
O0147,I0062,548.37,True
O0147,I0065,522.17,True
O0147,I0063,358.31,True
O0147,I0064,443.29,True
O0148,I0061,512.54,True
O0148,I0063,375.37,True
O0148,I0065,547.18,True
O0148,I0058,262.68,True
O0148,I0064,493.61,True
O0148,I0059,417.6,True
O0148,I0062,592.89,True
O0148,I0060,462.58,True
O0149,I0060,457.95,True
O0149,I0058,265.3,True
O0149,I0061,481.89,True
O0149,I0062,575.96,True
O0149,I0059,432.47,True
O0149,I0065,525.23,True
O0149,I0063,339.51,False
O0149,I0064,438.9,True
O0150,I0059,408.49,True
O0150,I0061,479.86,True
O0150,I0058,271.73,True
O0150,I0063,345.7,True
O0150,I0065,493.8,True
O0150,I0064,438.46,True
O0150,I0062,564.71,True
O0150,I0060,487.82,True
O0151,I0064,427.94,True
O0151,I0062,538.84,False
O0151,I0065,512.34,True
O0151,I0061,548.24,True
O0151,I0058,236.58,True
O0151,I0063,374.43,True
O0151,I0060,477.33,True
O0151,I0059,391.82,True
O0152,I0060,460.44,True
O0152,I0065,533.05,True
O0152,I0061,494.69,True
O0152,I0059,426.96,True
O0152,I0058,241.57,False
O0152,I0062,529.98,True
O0152,I0064,466.87,True
O0152,I0063,339.08,True
O0153,I0058,241.0,True
O0153,I0063,344.58,True
O0153,I0061,498.94,True
O0153,I0059,426.33,True
O0153,I0060,492.13,True
O0153,I0064,444.24,True
O0153,I0062,560.37,True
O0153,I0065,493.52,True
O0154,I0065,536.64,True
O0154,I0058,237.8,True
O0154,I0059,401.05,True
O0154,I0062,552.62,True
O0154,I0060,434.15,True
O0154,I0063,331.65,True
O0154,I0061,520.25,True
O0154,I0064,428.33,True
O0155,I0062,527.16,True
O0155,I0060,451.03,True
O0155,I0065,532.73,True
O0155,I0058,252.36,True
O0155,I0059,390.72,True
O0155,I0063,347.78,True
O0155,I0064,443.77,True
O0155,I0061,496.68,False
O0156,I0064,476.13,False
O0156,I0061,537.7,True
O0156,I0059,425.6,True
O0156,I0062,542.61,True
O0156,I0063,380.77,True
O0156,I0065,492.8,True
O0156,I0058,255.54,True
O0156,I0060,483.75,True
O0157,I0062,558.4,True
O0157,I0058,238.99,True
O0157,I0065,477.81,True
O0157,I0064,441.79,True
O0157,I0061,484.33,True
O0157,I0059,434.19,True
O0157,I0060,439.16,True
O0157,I0063,345.19,True
O0158,I0060,464.31,True
O0158,I0062,559.94,True
O0158,I0065,514.88,True
O0158,I0058,241.09,True
O0158,I0059,415.24,True
O0158,I0064,484.14,True
O0158,I0061,485.3,True
O0158,I0063,360.86,False
O0159,I0058,256.45,True
O0159,I0062,596.8,True
O0159,I0065,496.46,True
O0159,I0060,475.06,True
O0159,I0063,371.16,True
O0159,I0059,423.49,True
O0159,I0061,486.41,True
O0159,I0064,470.59,True
O0160,I0058,254.06,True
O0160,I0065,492.36,True
O0160,I0064,431.54,True
O0160,I0061,521.85,True
O0160,I0059,433.09,True
O0160,I0062,522.19,True
O0160,I0060,492.85,True
O0160,I0063,333.46,True
O0161,I0058,265.35,True
O0161,I0065,548.54,True
O0161,I0060,445.61,True
O0161,I0061,524.34,True
O0161,I0062,588.21,True
O0161,I0064,481.12,True
O0161,I0063,349.15,True
O0161,I0059,385.34,False
O0162,I0060,460.85,True
O0162,I0062,563.57,True
O0162,I0064,430.73,True
O0162,I0059,404.23,True
O0162,I0058,251.28,True
O0162,I0065,506.75,True
O0162,I0063,368.84,True
O0162,I0061,516.57,True
O0163,I0060,470.34,True
O0163,I0062,542.21,True
O0163,I0061,533.07,False
O0163,I0064,464.65,True
O0163,I0059,419.8,True
O0163,I0058,250.8,True
O0163,I0065,505.16,True
O0163,I0063,334.7,True
O0164,I0059,396.08,True
O0164,I0061,523.13,True
O0164,I0064,479.66,True
O0164,I0058,262.17,True
O0164,I0062,570.07,True
O0164,I0060,464.13,True
O0164,I0065,525.67,True
O0164,I0063,342.15,True
O0165,I0064,481.9,True
O0165,I0060,442.98,True
O0165,I0061,543.66,True
O0165,I0065,486.34,True
O0165,I0063,332.79,True
O0165,I0062,552.6,True
O0165,I0059,400.45,True
O0165,I0058,267.73,True
O0166,I0062,590.81,True
O0166,I0065,548.12,True
O0166,I0061,500.45,True
O0166,I0064,434.94,True
O0166,I0063,379.79,True
O0166,I0058,243.53,True
O0166,I0060,437.01,True
O0166,I0059,413.4,True
O0167,I0059,405.69,True
O0167,I0064,435.86,True
O0167,I0062,574.87,True
O0167,I0065,486.61,True
O0167,I0061,498.57,True
O0167,I0058,257.6,True
O0167,I0063,360.02,True
O0167,I0060,491.56,True
O0168,I0062,537.82,True
O0168,I0059,381.93,True
O0168,I0058,244.96,True
O0168,I0061,507.46,True
O0168,I0063,371.31,True
O0168,I0065,525.82,True
O0168,I0060,439.53,True
O0168,I0064,489.44,True
O0169,I0061,515.78,False
O0169,I0058,250.57,True
O0169,I0065,500.18,True
O0169,I0062,541.71,True
O0169,I0063,361.58,True
O0169,I0064,433.06,True
O0169,I0060,467.52,True
O0169,I0059,403.51,True
O0170,I0061,477.07,True
O0170,I0060,451.61,True
O0170,I0062,596.39,True
O0170,I0063,372.61,True
O0170,I0059,384.16,True
O0170,I0064,486.55,True
O0170,I0058,265.34,True
O0170,I0065,499.32,True
O0171,I0058,250.72,True
O0171,I0062,530.43,True
O0171,I0060,479.22,True
O0171,I0059,386.49,True
O0171,I0063,371.69,True
O0171,I0065,534.6,True
O0171,I0061,509.24,True
O0171,I0064,471.9,True
O0172,I0064,440.79,True
O0172,I0059,428.84,True
O0172,I0063,367.9,True
O0172,I0061,505.73,True
O0172,I0065,503.87,True
O0172,I0062,546.19,True
O0172,I0060,436.94,True
O0172,I0058,261.14,True
O0173,I0059,407.83,True
O0173,I0065,489.48,True
O0173,I0064,432.42,True
O0173,I0060,477.97,True
O0173,I0063,357.2,True
O0173,I0062,544.05,True
O0173,I0061,528.83,True
O0173,I0058,261.78,True
O0174,I0060,460.73,False
O0174,I0064,457.06,True
O0174,I0062,543.37,True
O0174,I0065,536.5,True
O0174,I0063,350.11,True
O0174,I0061,534.35,True
O0174,I0058,262.52,True
O0174,I0059,383.97,True
O0175,I0060,431.8,True
O0175,I0062,530.84,True
O0175,I0063,373.52,True
O0175,I0065,524.87,True
O0175,I0059,436.31,True
O0175,I0064,451.71,False
O0175,I0058,256.32,True
O0175,I0061,532.82,True
O0176,I0060,465.27,True
O0176,I0062,563.74,True
O0176,I0059,433.86,True
O0176,I0063,343.08,True
O0176,I0061,523.82,True
O0176,I0064,440.57,False
O0176,I0058,243.82,True
O0176,I0065,480.72,True
O0177,I0061,526.08,True
O0177,I0062,579.01,True
O0177,I0058,270.92,True
O0177,I0063,358.12,True
O0177,I0060,444.4,True
O0177,I0065,534.78,True
O0177,I0059,432.39,True
O0177,I0064,457.26,False
O0178,I0060,427.74,True
O0178,I0061,484.6,True
O0178,I0062,536.09,True
O0178,I0064,469.43,True
O0178,I0058,263.22,True
O0178,I0063,337.23,True
O0178,I0065,532.61,True
O0178,I0059,392.24,True
O0179,I0058,269.36,True
O0179,I0064,452.42,True
O0179,I0065,488.19,True
O0179,I0063,340.44,True
O0179,I0061,543.94,True
O0179,I0062,589.93,True
O0179,I0060,490.21,True
O0179,I0059,415.95,True
O0180,I0060,487.14,True
O0180,I0065,535.53,True
O0180,I0062,578.77,True
O0180,I0061,536.84,True
O0180,I0058,267.74,True
O0180,I0059,413.5,True
O0180,I0064,484.26,True
O0180,I0063,336.3,True
O0181,I0272,483.99,True
O0181,I0270,299.24,True
O0181,I0069,268.34,True
O0181,I0068,225.53,True
O0181,I0263,353.7,True
O0181,I0268,306.63,True
O0181,I0275,127.97,True
O0181,I0277,393.28,True
O0181,I0267,156.42,True
O0181,I0274,205.7,True
O0181,I0276,279.79,True
O0181,I0273,314.02,True
O0181,I0071,325.21,True
O0181,I0265,177.16,True
O0181,I0067,186.17,True
O0181,I0271,230.88,True
O0181,I0264,286.69,True
O0181,I0266,365.96,True
O0182,I0268,306.55,True
O0182,I0273,316.53,True
O0182,I0066,133.8,True
O0182,I0269,189.81,True
O0182,I0272,486.87,True
O0182,I0070,214.51,True
O0182,I0274,209.19,True
O0182,I0069,258.67,True
O0182,I0068,217.94,True
O0182,I0067,186.65,True
O0182,I0263,359.8,True
O0182,I0275,129.44,True
O0182,I0271,218.04,True
O0182,I0071,302.77,True
O0182,I0266,336.02,True
O0182,I0276,275.7,True
O0182,I0265,186.21,True
O0182,I0264,306.7,True
O0183,I0275,125.2,True
O0183,I0276,279.21,True
O0183,I0269,177.59,True
O0183,I0277,385.57,True
O0183,I0273,360.68,True
O0183,I0067,180.54,True
O0183,I0270,302.47,True
O0183,I0066,139.58,True
O0183,I0266,360.84,True
O0183,I0263,320.2,True
O0183,I0069,242.6,True
O0183,I0264,323.43,True
O0183,I0272,478.06,True
O0183,I0068,220.4,True
O0183,I0268,285.42,True
O0183,I0265,184.74,True
O0183,I0267,142.1,True
O0183,I0070,210.9,True
O0184,I0272,540.96,True
O0184,I0270,284.6,True
O0184,I0067,194.84,True
O0184,I0273,313.64,True
O0184,I0264,309.03,True
O0184,I0274,209.68,True
O0184,I0271,225.63,True
O0184,I0268,300.82,True
O0184,I0263,360.5,True
O0184,I0275,123.37,False
O0184,I0071,291.58,True
O0184,I0267,154.89,True
O0184,I0265,172.57,True
O0184,I0276,278.24,True
O0184,I0269,174.8,True
O0184,I0070,192.64,True
O0184,I0266,369.03,True
O0184,I0066,126.71,True
O0185,I0071,299.19,True
O0185,I0267,155.16,True
O0185,I0272,547.98,True
O0185,I0270,275.73,True
O0185,I0277,399.1,True
O0185,I0275,133.89,True
O0185,I0274,205.63,True
O0185,I0269,195.72,True
O0185,I0268,275.65,True
O0185,I0067,171.72,True
O0185,I0264,284.53,True
O0185,I0068,249.54,True
O0185,I0271,225.29,True
O0185,I0273,352.31,True
O0185,I0069,251.38,True
O0185,I0066,124.63,True
O0185,I0265,171.24,True
O0185,I0070,193.0,True
O0186,I0272,517.15,True
O0186,I0273,333.76,True
O0186,I0274,211.87,True
O0186,I0275,132.64,True
O0186,I0263,325.33,True
O0186,I0276,274.92,True
O0186,I0271,243.8,True
O0186,I0267,157.35,True
O0186,I0068,251.86,True
O0186,I0071,323.27,True
O0186,I0268,283.9,True
O0186,I0067,177.62,True
O0186,I0069,243.04,True
O0186,I0269,170.92,True
O0186,I0070,213.5,True
O0186,I0264,307.05,True
O0186,I0265,193.84,True
O0186,I0277,421.33,True
O0187,I0265,187.21,True
O0187,I0276,278.33,True
O0187,I0267,153.32,True
O0187,I0272,539.9,True
O0187,I0071,300.46,True
O0187,I0269,185.42,True
O0187,I0066,127.93,True
O0187,I0069,252.3,True
O0187,I0273,323.69,True
O0187,I0271,218.61,False
O0187,I0264,326.01,True
O0187,I0070,212.87,True
O0187,I0268,302.99,True
O0187,I0266,350.44,True
O0187,I0277,432.55,True
O0187,I0067,191.96,True
O0187,I0275,124.71,True
O0187,I0270,266.88,True
O0188,I0272,498.54,False
O0188,I0271,246.44,True
O0188,I0066,130.88,False
O0188,I0067,188.71,True
O0188,I0071,302.34,False
O0188,I0267,157.69,True
O0188,I0069,253.29,False
O0188,I0068,232.61,True
O0188,I0274,199.13,True
O0188,I0265,188.93,True
O0188,I0264,323.4,True
O0188,I0266,354.54,True
O0188,I0270,295.64,True
O0188,I0268,304.46,True
O0188,I0273,315.46,True
O0188,I0277,380.59,True
O0188,I0276,302.49,True
O0188,I0269,182.25,True
O0189,I0274,199.73,True
O0189,I0264,303.27,True
O0189,I0266,341.45,True
O0189,I0268,286.42,True
O0189,I0071,292.04,True
O0189,I0270,296.96,True
O0189,I0272,489.93,True
O0189,I0070,201.69,True
O0189,I0067,189.77,True
O0189,I0267,157.62,True
O0189,I0068,239.54,True
O0189,I0066,141.0,True
O0189,I0271,248.51,True
O0189,I0277,419.41,False
O0189,I0273,350.64,True
O0189,I0276,265.97,True
O0189,I0265,182.1,True
O0189,I0263,344.98,True
O0190,I0264,312.97,True
O0190,I0067,188.31,True
O0190,I0277,381.89,True
O0190,I0272,538.77,True
O0190,I0270,278.12,True
O0190,I0071,313.01,True
O0190,I0268,305.94,True
O0190,I0275,130.33,True
O0190,I0267,158.23,True
O0190,I0271,224.86,True
O0190,I0274,191.04,True
O0190,I0276,302.3,True
O0190,I0266,362.52,True
O0190,I0265,174.18,True
O0190,I0263,340.31,True
O0190,I0069,260.92,True
O0190,I0066,125.38,True
O0190,I0269,176.12,True
O0191,I0067,188.12,True
O0191,I0270,290.45,True
O0191,I0274,204.03,True
O0191,I0263,325.32,True
O0191,I0068,242.48,True
O0191,I0265,176.35,True
O0191,I0264,311.32,True
O0191,I0069,254.29,True
O0191,I0271,228.8,True
O0191,I0273,332.14,True
O0191,I0277,412.3,True
O0191,I0071,290.03,True
O0191,I0269,174.33,True
O0191,I0266,382.83,True
O0191,I0276,280.44,True
O0191,I0267,153.31,True
O0191,I0268,293.44,True
O0191,I0066,122.78,True
O0192,I0066,134.37,True
O0192,I0070,197.77,True
O0192,I0275,139.72,True
O0192,I0068,239.66,True
O0192,I0264,318.71,True
O0192,I0277,422.29,True
O0192,I0272,475.91,True
O0192,I0269,171.16,True
O0192,I0274,191.67,True
O0192,I0271,232.16,True
O0192,I0270,289.94,True
O0192,I0267,159.88,True
O0192,I0273,340.71,True
O0192,I0268,283.24,True
O0192,I0265,187.29,True
O0192,I0266,342.41,True
O0192,I0069,261.94,False
O0192,I0071,328.72,True
O0193,I0265,174.93,True
O0193,I0070,202.88,True
O0193,I0067,180.75,True
O0193,I0267,152.75,True
O0193,I0274,189.86,True
O0193,I0269,180.92,True
O0193,I0263,340.95,True
O0193,I0270,278.68,True
O0193,I0272,546.48,True
O0193,I0264,289.76,True
O0193,I0275,133.08,True
O0193,I0276,271.94,True
O0193,I0277,417.1,True
O0193,I0266,351.58,True
O0193,I0268,302.9,True
O0193,I0068,220.53,True
O0193,I0066,139.01,True
O0193,I0271,250.08,True
O0194,I0276,275.86,True
O0194,I0275,127.66,True
O0194,I0070,190.35,True
O0194,I0267,150.55,True
O0194,I0274,202.28,True
O0194,I0069,247.06,True
O0194,I0266,382.76,True
O0194,I0277,379.65,True
O0194,I0269,173.07,False
O0194,I0273,347.98,True
O0194,I0264,323.96,True
O0194,I0271,240.65,True
O0194,I0066,130.7,True
O0194,I0068,248.95,True
O0194,I0268,282.15,True
O0194,I0067,196.2,True
O0194,I0263,336.09,True
O0194,I0265,187.18,True
O0195,I0068,232.64,True
O0195,I0066,133.29,True
O0195,I0269,174.91,True
O0195,I0276,288.07,True
O0195,I0264,308.08,True
O0195,I0267,151.61,False
O0195,I0274,211.82,True
O0195,I0273,358.63,True
O0195,I0071,323.9,True
O0195,I0277,389.91,True
O0195,I0069,263.94,True
O0195,I0263,327.55,True
O0195,I0270,267.61,True
O0195,I0271,232.35,True
O0195,I0275,135.88,True
O0195,I0067,174.36,True
O0195,I0268,272.7,True
O0195,I0265,185.04,True
O0196,I0272,482.21,True
O0196,I0270,286.28,True
O0196,I0277,390.11,True
O0196,I0275,139.43,True
O0196,I0263,361.21,True
O0196,I0071,325.6,True
O0196,I0267,149.39,True
O0196,I0068,236.35,False
O0196,I0271,250.8,False
O0196,I0069,273.78,True
O0196,I0066,123.74,True
O0196,I0273,321.39,True
O0196,I0070,192.9,True
O0196,I0276,268.97,True
O0196,I0266,353.2,True
O0196,I0264,321.23,True
O0196,I0265,184.5,True
O0196,I0067,188.72,True
O0197,I0263,321.7,True
O0197,I0273,355.72,True
O0197,I0266,343.53,True
O0197,I0071,292.6,True
O0197,I0265,177.06,True
O0197,I0276,275.22,False
O0197,I0268,266.5,True
O0197,I0271,250.1,True
O0197,I0267,144.07,True
O0197,I0272,521.3,True
O0197,I0277,430.88,True
O0197,I0067,179.43,True
O0197,I0070,218.13,True
O0197,I0269,195.15,True
O0197,I0275,137.19,True
O0197,I0270,279.13,True
O0197,I0264,289.49,True
O0197,I0066,126.52,True
O0198,I0066,124.96,True
O0198,I0067,190.95,True
O0198,I0275,132.91,True
O0198,I0265,170.29,False
O0198,I0264,297.85,True
O0198,I0270,265.7,True
O0198,I0274,198.94,True
O0198,I0276,277.73,True
O0198,I0271,238.24,True
O0198,I0070,212.46,True
O0198,I0272,503.23,True
O0198,I0267,148.7,True
O0198,I0268,290.51,False
O0198,I0263,350.43,True
O0198,I0269,192.89,True
O0198,I0277,404.92,True
O0198,I0266,356.63,True
O0198,I0068,231.4,True
O0199,I0070,211.01,True
O0199,I0277,416.69,True
O0199,I0270,290.46,True
O0199,I0274,217.71,True
O0199,I0265,187.96,True
O0199,I0275,136.85,True
O0199,I0276,285.27,True
O0199,I0263,346.53,True
O0199,I0268,275.85,True
O0199,I0066,128.12,True
O0199,I0068,232.19,True
O0199,I0273,354.66,True
O0199,I0271,237.29,True
O0199,I0071,317.53,True
O0199,I0266,334.76,True
O0199,I0267,154.81,True
O0199,I0264,308.4,True
O0199,I0269,192.86,True
O0200,I0067,171.47,True
O0200,I0266,376.61,True
O0200,I0270,269.91,True
O0200,I0267,145.5,True
O0200,I0066,138.24,True
O0200,I0068,222.91,True
O0200,I0275,136.21,True
O0200,I0276,295.62,True
O0200,I0263,350.46,True
O0200,I0269,184.62,True
O0200,I0071,294.93,True
O0200,I0265,188.03,True
O0200,I0277,396.65,True
O0200,I0274,204.0,True
O0200,I0268,267.24,True
O0200,I0070,214.85,True
O0200,I0264,294.16,True
O0200,I0271,237.64,True
O0201,I0073,171.67,True
O0201,I0076,199.64,True
O0201,I0072,128.67,True
O0201,I0074,185.98,True
O0201,I0075,229.35,True
O0202,I0074,186.28,True
O0202,I0072,140.67,True
O0202,I0076,192.29,True
O0202,I0073,166.83,True
O0202,I0075,238.88,True
O0203,I0075,240.13,True
O0203,I0072,130.44,True
O0203,I0073,168.52,True
O0203,I0074,180.87,True
O0203,I0076,214.65,False
O0204,I0076,194.99,True
O0204,I0075,238.27,True
O0204,I0072,129.4,True
O0204,I0074,184.7,True
O0204,I0073,159.14,True
O0205,I0072,127.05,True
O0205,I0076,209.62,True
O0205,I0074,188.17,False
O0205,I0075,247.24,True
O0205,I0073,156.47,True
O0206,I0073,171.0,True
O0206,I0072,130.58,True
O0206,I0074,175.87,True
O0206,I0076,200.06,True
O0206,I0075,234.63,True
O0207,I0075,240.12,True
O0207,I0073,157.71,True
O0207,I0076,194.69,True
O0207,I0074,193.32,True
O0207,I0072,130.9,True
O0208,I0076,217.83,True
O0208,I0072,131.89,True
O0208,I0074,184.62,True
O0208,I0075,220.04,True
O0208,I0073,158.42,True
O0209,I0076,195.57,True
O0209,I0075,219.93,True
O0209,I0074,185.48,True
O0209,I0072,138.19,True
O0209,I0073,152.8,True
O0210,I0076,209.61,True
O0210,I0072,134.01,True
O0210,I0073,168.25,True
O0210,I0074,184.27,True
O0210,I0075,232.84,True
O0211,I0072,140.1,True
O0211,I0074,184.56,True
O0211,I0076,199.68,True
O0211,I0075,231.61,True
O0211,I0073,157.96,True
O0212,I0073,169.15,True
O0212,I0072,128.19,True
O0212,I0076,197.49,True
O0212,I0075,251.75,True
O0212,I0074,182.55,True
O0213,I0073,173.57,True
O0213,I0072,131.95,True
O0213,I0075,217.89,True
O0213,I0076,211.83,True
O0213,I0074,171.89,True
O0214,I0074,177.38,True
O0214,I0075,244.45,True
O0214,I0073,151.96,True
O0214,I0076,210.4,True
O0214,I0072,132.06,True
O0215,I0072,136.29,True
O0215,I0074,170.37,True
O0215,I0075,220.73,True
O0215,I0073,161.98,True
O0215,I0076,196.65,True
O0216,I0074,195.85,True
O0216,I0075,241.76,True
O0216,I0072,123.99,True
O0216,I0073,169.08,True
O0216,I0076,216.23,True
O0217,I0076,199.87,True
O0217,I0074,179.67,True
O0217,I0072,124.07,True
O0217,I0073,174.36,True
O0217,I0075,240.89,True
O0218,I0072,125.27,True
O0218,I0076,217.98,True
O0218,I0074,194.82,True
O0218,I0073,157.4,True
O0218,I0075,219.14,True
O0219,I0075,237.2,True
O0219,I0074,187.65,True
O0219,I0076,215.36,True
O0219,I0073,157.83,True
O0219,I0072,135.98,True
O0220,I0074,193.52,True
O0220,I0076,218.87,True
O0220,I0075,248.68,True
O0220,I0072,127.48,True
O0220,I0073,161.91,True
O0221,I0080,155.36,True
O0221,I0078,241.59,True
O0221,I0077,202.45,True
O0221,I0079,181.98,True
O0221,I0081,235.97,True
O0222,I0080,148.61,True
O0222,I0077,212.76,False
O0222,I0079,174.23,True
O0222,I0078,266.92,True
O0222,I0081,222.59,True
O0223,I0079,189.09,True
O0223,I0078,252.42,True
O0223,I0081,213.91,True
O0223,I0077,201.83,True
O0223,I0080,159.56,True
O0224,I0080,157.19,True
O0224,I0081,226.85,True
O0224,I0079,182.09,True
O0224,I0077,210.97,True
O0224,I0078,250.62,True
O0225,I0079,190.97,True
O0225,I0077,216.61,True
O0225,I0078,248.48,True
O0225,I0081,218.04,True
O0225,I0080,142.42,True
O0226,I0078,250.39,True
O0226,I0077,193.26,True
O0226,I0080,156.81,True
O0226,I0081,208.95,True
O0226,I0079,186.91,True
O0227,I0081,237.06,True
O0227,I0078,237.86,True
O0227,I0079,173.07,True
O0227,I0080,157.38,True
O0227,I0077,212.18,True
O0228,I0078,255.42,True
O0228,I0077,207.91,True
O0228,I0081,209.16,True
O0228,I0080,153.13,True
O0228,I0079,179.19,True
O0229,I0081,218.0,True
O0229,I0077,190.26,True
O0229,I0079,189.07,True
O0229,I0078,242.71,True
O0229,I0080,155.57,True
O0230,I0079,189.39,True
O0230,I0078,241.78,True
O0230,I0080,162.37,True
O0230,I0081,234.37,True
O0230,I0077,206.73,True
O0231,I0080,155.94,True
O0231,I0081,239.65,True
O0231,I0079,176.07,True
O0231,I0077,197.52,True
O0231,I0078,257.33,True
O0232,I0079,192.56,True
O0232,I0081,219.25,True
O0232,I0080,158.26,True
O0232,I0077,202.25,True
O0232,I0078,269.31,True
O0233,I0081,212.08,True
O0233,I0077,203.97,True
O0233,I0080,145.69,True
O0233,I0078,259.71,True
O0233,I0079,192.08,True
O0234,I0078,249.25,True
O0234,I0077,209.64,True
O0234,I0081,234.52,True
O0234,I0080,152.31,True
O0234,I0079,180.38,True
O0235,I0079,193.11,True
O0235,I0077,203.31,True
O0235,I0081,223.51,True
O0235,I0080,163.88,True
O0235,I0078,269.59,True
O0236,I0077,194.93,True
O0236,I0078,237.82,True
O0236,I0081,216.83,True
O0236,I0080,160.19,True
O0236,I0079,173.92,True
O0237,I0077,192.83,True
O0237,I0081,229.34,True
O0237,I0080,154.81,True
O0237,I0079,186.27,True
O0237,I0078,240.59,True
O0238,I0080,149.35,True
O0238,I0081,222.49,True
O0238,I0078,242.66,True
O0238,I0079,190.08,True
O0238,I0077,210.52,True
O0239,I0081,237.18,True
O0239,I0079,188.5,True
O0239,I0080,144.04,True
O0239,I0078,240.28,True
O0239,I0077,212.02,True
O0240,I0077,199.46,True
O0240,I0080,163.34,True
O0240,I0078,263.12,True
O0240,I0081,222.28,True
O0240,I0079,181.09,True
O0241,I0083,245.69,True
O0241,I0085,160.18,True
O0241,I0084,206.94,True
O0241,I0082,200.44,True
O0242,I0084,216.74,True
O0242,I0083,241.03,True
O0242,I0082,199.41,True
O0242,I0085,153.95,True
O0243,I0083,238.72,True
O0243,I0082,194.35,True
O0243,I0085,163.37,True
O0243,I0084,212.7,False
O0244,I0085,148.43,True
O0244,I0083,217.82,True
O0244,I0084,190.62,True
O0244,I0082,217.29,True
O0245,I0082,192.81,True
O0245,I0085,154.23,True
O0245,I0083,240.1,True
O0245,I0084,215.77,True
O0246,I0082,209.33,True
O0246,I0085,159.74,True
O0246,I0083,224.97,True
O0246,I0084,196.39,True
O0247,I0084,212.97,True
O0247,I0085,145.7,True
O0247,I0083,230.39,True
O0247,I0082,191.48,True
O0248,I0084,197.67,True
O0248,I0083,241.86,False
O0248,I0085,148.48,True
O0248,I0082,195.37,True
O0249,I0083,233.98,True
O0249,I0085,156.97,True
O0249,I0082,202.41,True
O0249,I0084,211.64,True
O0250,I0082,208.49,True
O0250,I0083,243.74,True
O0250,I0085,149.35,True
O0250,I0084,193.26,True
O0251,I0086,163.35,True
O0251,I0088,204.46,True
O0251,I0092,162.01,True
O0251,I0091,104.98,True
O0251,I0090,101.02,True
O0251,I0089,130.51,True
O0251,I0087,194.05,True
O0252,I0091,107.2,True
O0252,I0089,120.78,True
O0252,I0088,209.4,True
O0252,I0092,171.56,True
O0252,I0087,173.27,True
O0252,I0086,148.36,True
O0252,I0090,104.91,True
O0253,I0091,104.34,True
O0253,I0086,143.74,True
O0253,I0092,154.87,True
O0253,I0088,218.28,True
O0253,I0090,106.56,True
O0253,I0087,191.27,True
O0253,I0089,127.01,True
O0254,I0091,110.01,True
O0254,I0088,199.78,True
O0254,I0087,177.74,False
O0254,I0089,119.29,True
O0254,I0092,164.32,True
O0254,I0090,105.37,True
O0254,I0086,158.07,True
O0255,I0089,124.31,True
O0255,I0092,173.61,True
O0255,I0088,194.98,True
O0255,I0087,178.36,True
O0255,I0086,150.92,True
O0255,I0090,97.39,True
O0255,I0091,106.13,True
O0256,I0090,94.41,True
O0256,I0087,172.88,True
O0256,I0086,150.81,True
O0256,I0089,122.84,True
O0256,I0092,174.5,True
O0256,I0091,119.63,True
O0256,I0088,199.25,True
O0257,I0089,127.26,True
O0257,I0088,200.46,True
O0257,I0091,107.83,True
O0257,I0090,106.56,True
O0257,I0086,142.17,True
O0257,I0087,170.73,True
O0257,I0092,171.23,True
O0258,I0087,188.95,True
O0258,I0092,156.55,True
O0258,I0086,158.69,True
O0258,I0091,103.67,True
O0258,I0089,123.57,False
O0258,I0088,216.66,True
O0258,I0090,96.32,True
O0259,I0092,174.56,True
O0259,I0087,179.24,True
O0259,I0090,108.9,True
O0259,I0088,209.56,True
O0259,I0089,117.7,True
O0259,I0091,104.56,True
O0259,I0086,153.41,True
O0260,I0088,217.53,True
O0260,I0087,177.72,False
O0260,I0089,124.2,True
O0260,I0086,156.23,True
O0260,I0092,171.57,True
O0260,I0090,104.81,True
O0260,I0091,111.3,True
O0261,I0088,213.27,True
O0261,I0092,167.45,True
O0261,I0090,104.03,True
O0261,I0086,158.89,True
O0261,I0089,128.82,True
O0261,I0087,192.14,True
O0261,I0091,116.98,True
O0262,I0086,161.88,True
O0262,I0091,112.08,True
O0262,I0088,191.63,False
O0262,I0092,152.4,True
O0262,I0087,184.43,True
O0262,I0089,118.06,True
O0262,I0090,94.06,True
O0263,I0090,98.44,True
O0263,I0088,216.05,True
O0263,I0089,114.36,True
O0263,I0092,163.21,True
O0263,I0087,178.05,True
O0263,I0091,117.7,True
O0263,I0086,149.2,True
O0264,I0091,114.48,True
O0264,I0087,175.39,True
O0264,I0088,215.98,True
O0264,I0092,162.7,True
O0264,I0090,106.41,True
O0264,I0086,143.38,True
O0264,I0089,121.11,True
O0265,I0086,152.33,True
O0265,I0092,155.85,True
O0265,I0090,99.89,True
O0265,I0088,214.56,True
O0265,I0089,117.8,True
O0265,I0091,118.54,True
O0265,I0087,175.6,True
O0266,I0092,163.09,True
O0266,I0088,202.55,True
O0266,I0087,177.45,True
O0266,I0086,149.98,True
O0266,I0090,103.43,True
O0266,I0091,106.32,True
O0266,I0089,116.22,True
O0267,I0091,112.43,True
O0267,I0089,126.63,True
O0267,I0090,102.32,True
O0267,I0087,189.14,True
O0267,I0086,145.88,True
O0267,I0092,165.23,True
O0267,I0088,212.5,True
O0268,I0092,154.83,True
O0268,I0087,184.37,False
O0268,I0088,191.8,True
O0268,I0090,102.52,True
O0268,I0091,112.53,True
O0268,I0089,115.5,True
O0268,I0086,163.4,True
O0269,I0089,129.87,True
O0269,I0086,158.25,True
O0269,I0087,187.02,True
O0269,I0088,196.1,True
O0269,I0091,113.21,True
O0269,I0092,167.93,True
O0269,I0090,105.47,True
O0270,I0087,187.85,False
O0270,I0090,101.86,True
O0270,I0089,125.25,True
O0270,I0088,214.94,True
O0270,I0092,159.73,True
O0270,I0091,105.43,True
O0270,I0086,151.07,True
O0271,I0090,96.77,True
O0271,I0089,123.05,True
O0271,I0087,182.22,True
O0271,I0092,164.64,True
O0271,I0086,152.6,True
O0271,I0088,192.28,True
O0271,I0091,109.31,True
O0272,I0090,108.53,True
O0272,I0091,114.22,True
O0272,I0086,159.42,True
O0272,I0092,158.28,True
O0272,I0087,187.99,True
O0272,I0089,129.83,True
O0272,I0088,214.77,True
O0273,I0092,157.7,True
O0273,I0088,199.7,True
O0273,I0087,178.54,True
O0273,I0091,117.62,True
O0273,I0086,157.63,True
O0273,I0090,107.24,True
O0273,I0089,129.22,True
O0274,I0089,116.66,True
O0274,I0090,106.75,True
O0274,I0087,172.61,True
O0274,I0092,162.67,True
O0274,I0086,160.12,True
O0274,I0091,116.27,True
O0274,I0088,202.7,True
O0275,I0092,157.11,True
O0275,I0089,121.52,True
O0275,I0088,208.86,True
O0275,I0090,107.83,True
O0275,I0086,156.71,True
O0275,I0087,190.34,True
O0275,I0091,111.47,True
O0276,I0088,194.68,True
O0276,I0091,108.7,True
O0276,I0092,156.73,True
O0276,I0086,147.87,True
O0276,I0090,108.83,True
O0276,I0089,124.0,True
O0276,I0087,172.99,True
O0277,I0088,209.92,True
O0277,I0092,170.62,True
O0277,I0090,108.72,False
O0277,I0087,195.32,True
O0277,I0086,148.42,True
O0277,I0091,115.11,True
O0277,I0089,128.86,True
O0278,I0089,130.31,True
O0278,I0087,176.94,True
O0278,I0091,119.4,True
O0278,I0092,163.86,True
O0278,I0088,211.01,True
O0278,I0086,148.27,True
O0278,I0090,105.3,True
O0279,I0087,192.65,True
O0279,I0092,157.04,True
O0279,I0088,191.16,True
O0279,I0089,124.96,True
O0279,I0086,146.27,True
O0279,I0090,108.2,True
O0279,I0091,117.95,True
O0280,I0090,108.4,True
O0280,I0088,193.66,True
O0280,I0089,119.79,True
O0280,I0092,156.47,True
O0280,I0087,177.68,True
O0280,I0086,149.86,True
O0280,I0091,112.67,True
O0281,I0093,216.43,True
O0281,I0098,292.88,True
O0281,I0099,240.42,True
O0281,I0096,190.79,True
O0281,I0094,251.63,True
O0281,I0095,276.86,True
O0281,I0097,289.15,True
O0282,I0098,311.47,True
O0282,I0097,303.52,True
O0282,I0099,251.71,True
O0282,I0093,211.68,True
O0282,I0094,247.59,True
O0282,I0095,286.82,True
O0282,I0096,204.44,True
O0283,I0095,262.17,False
O0283,I0096,215.96,True
O0283,I0094,266.9,True
O0283,I0093,212.0,True
O0283,I0099,238.01,True
O0283,I0098,323.43,True
O0283,I0097,322.11,True
O0284,I0098,311.45,True
O0284,I0094,261.03,True
O0284,I0093,211.15,False
O0284,I0095,264.61,True
O0284,I0099,239.0,True
O0284,I0096,211.26,True
O0284,I0097,328.7,True
O0285,I0095,280.14,True
O0285,I0098,326.3,True
O0285,I0094,258.92,True
O0285,I0093,205.73,True
O0285,I0099,255.4,True
O0285,I0096,205.82,True
O0285,I0097,304.33,True
O0286,I0099,273.24,True
O0286,I0096,216.0,True
O0286,I0097,319.79,True
O0286,I0094,238.7,True
O0286,I0095,268.52,True
O0286,I0093,204.52,True
O0286,I0098,299.94,True
O0287,I0095,269.37,True
O0287,I0094,267.38,True
O0287,I0096,205.16,True
O0287,I0097,317.02,True
O0287,I0093,191.56,True
O0287,I0099,249.91,True
O0287,I0098,321.4,True
O0288,I0094,265.98,True
O0288,I0093,205.62,True
O0288,I0095,269.11,True
O0288,I0097,323.26,True
O0288,I0098,326.12,True
O0288,I0099,252.34,True
O0288,I0096,199.68,True
O0289,I0094,261.28,True
O0289,I0095,259.84,False
O0289,I0093,213.44,True
O0289,I0097,317.51,True
O0289,I0099,240.04,True
O0289,I0096,218.64,True
O0289,I0098,290.23,True
O0290,I0098,315.66,True
O0290,I0093,196.83,True
O0290,I0097,321.89,True
O0290,I0094,240.15,True
O0290,I0096,214.41,True
O0290,I0099,245.52,True
O0290,I0095,260.32,True
O0291,I0097,286.21,True
O0291,I0094,266.73,True
O0291,I0096,201.24,True
O0291,I0099,259.85,True
O0291,I0095,280.61,True
O0291,I0098,304.51,True
O0291,I0093,213.75,True
O0292,I0098,303.21,True
O0292,I0096,204.38,True
O0292,I0097,299.2,True
O0292,I0099,237.9,True
O0292,I0093,200.54,True
O0292,I0094,271.87,True
O0292,I0095,276.1,True
O0293,I0097,296.13,False
O0293,I0095,288.52,True
O0293,I0093,213.31,True
O0293,I0094,255.99,True
O0293,I0098,290.33,True
O0293,I0099,269.19,True
O0293,I0096,213.73,True
O0294,I0093,204.13,True
O0294,I0098,287.64,True
O0294,I0099,238.2,True
O0294,I0096,203.38,True
O0294,I0097,292.09,True
O0294,I0094,265.63,True
O0294,I0095,268.12,True
O0295,I0094,269.34,True
O0295,I0095,279.6,True
O0295,I0093,200.62,True
O0295,I0098,284.29,True
O0295,I0097,305.67,True
O0295,I0099,266.09,True
O0295,I0096,214.14,True
O0296,I0099,266.4,True
O0296,I0097,285.34,True
O0296,I0096,201.75,True
O0296,I0095,261.45,True
O0296,I0094,256.98,False
O0296,I0093,202.4,True
O0296,I0098,314.56,True
O0297,I0096,206.66,True
O0297,I0094,251.91,True
O0297,I0095,280.01,True
O0297,I0098,286.94,True
O0297,I0099,254.85,True
O0297,I0093,210.92,True
O0297,I0097,322.69,True
O0298,I0099,263.05,True
O0298,I0094,265.02,True
O0298,I0098,299.23,True
O0298,I0093,211.12,True
O0298,I0097,304.21,True
O0298,I0096,214.67,True
O0298,I0095,269.3,True
O0299,I0099,256.81,True
O0299,I0094,239.77,True
O0299,I0095,258.75,True
O0299,I0093,207.06,True
O0299,I0097,295.91,True
O0299,I0096,200.0,True
O0299,I0098,306.74,True
O0300,I0098,298.12,True
O0300,I0099,270.07,True
O0300,I0093,205.19,True
O0300,I0095,258.14,True
O0300,I0096,191.48,True
O0300,I0097,302.39,True
O0300,I0094,239.45,True
O0301,I0093,203.18,True
O0301,I0096,199.32,True
O0301,I0099,272.65,True
O0301,I0095,268.8,True
O0301,I0094,266.42,True
O0301,I0098,318.41,True
O0301,I0097,300.96,True
O0302,I0099,252.65,True
O0302,I0096,191.6,True
O0302,I0093,213.87,True
O0302,I0094,253.04,True
O0302,I0097,314.31,True
O0302,I0098,287.39,True
O0302,I0095,282.12,True
O0303,I0094,247.68,True
O0303,I0097,298.55,True
O0303,I0099,243.38,True
O0303,I0093,197.98,True
O0303,I0095,269.35,True
O0303,I0098,325.95,False
O0303,I0096,192.02,True
O0304,I0096,198.16,True
O0304,I0094,269.61,True
O0304,I0099,247.24,True
O0304,I0095,287.01,True
O0304,I0093,200.7,True
O0304,I0097,310.61,True
O0304,I0098,305.29,True
O0305,I0098,296.99,False
O0305,I0094,246.42,True
O0305,I0093,191.04,True
O0305,I0099,253.1,True
O0305,I0096,193.75,True
O0305,I0095,278.34,True
O0305,I0097,288.23,True
O0306,I0099,250.95,True
O0306,I0095,261.28,True
O0306,I0097,325.15,True
O0306,I0098,288.5,True
O0306,I0096,213.07,True
O0306,I0094,263.75,True
O0306,I0093,190.74,True
O0307,I0093,207.95,True
O0307,I0099,248.98,True
O0307,I0098,318.77,True
O0307,I0095,293.66,True
O0307,I0096,210.47,True
O0307,I0097,316.42,True
O0307,I0094,259.69,True
O0308,I0096,217.45,True
O0308,I0099,253.22,True
O0308,I0093,205.93,True
O0308,I0094,246.85,True
O0308,I0097,308.71,True
O0308,I0095,268.17,True
O0308,I0098,296.02,True
O0309,I0093,217.11,True
O0309,I0094,245.1,True
O0309,I0095,257.23,True
O0309,I0099,273.57,True
O0309,I0098,315.0,True
O0309,I0097,294.16,True
O0309,I0096,203.12,True
O0310,I0095,289.99,True
O0310,I0096,215.29,True
O0310,I0099,268.93,True
O0310,I0094,243.3,True
O0310,I0097,293.83,True
O0310,I0093,197.42,True
O0310,I0098,285.22,True
O0311,I0106,286.46,True
O0311,I0105,257.43,True
O0311,I0108,367.79,True
O0311,I0107,314.26,True
O0312,I0108,378.66,True
O0312,I0105,273.33,True
O0312,I0106,284.67,True
O0312,I0107,334.93,True
O0313,I0107,344.73,True
O0313,I0108,357.92,True
O0313,I0106,292.0,True
O0313,I0105,246.46,True
O0314,I0108,362.06,True
O0314,I0105,255.73,True
O0314,I0107,326.81,True
O0314,I0106,265.48,True
O0315,I0106,284.97,True
O0315,I0108,378.87,True
O0315,I0107,341.92,True
O0315,I0105,262.9,True
O0316,I0108,346.18,True
O0316,I0106,306.75,True
O0316,I0107,339.4,False
O0316,I0105,258.49,True
O0317,I0107,342.21,True
O0317,I0105,236.67,True
O0317,I0106,302.35,True
O0317,I0108,379.45,False
O0318,I0105,269.06,True
O0318,I0108,349.99,True
O0318,I0107,361.03,True
O0318,I0106,302.42,True
O0319,I0105,253.87,True
O0319,I0106,292.91,True
O0319,I0108,339.29,True
O0319,I0107,350.18,True
O0320,I0108,346.64,False
O0320,I0106,298.7,True
O0320,I0107,344.36,True
O0320,I0105,259.81,True
O0321,I0112,269.1,True
O0321,I0109,176.04,True
O0321,I0110,219.2,True
O0321,I0113,162.85,True
O0321,I0111,156.41,True
O0322,I0112,256.29,True
O0322,I0113,158.92,True
O0322,I0111,169.52,True
O0322,I0109,193.43,True
O0322,I0110,210.71,True
O0323,I0110,220.68,True
O0323,I0113,163.72,True
O0323,I0111,152.94,True
O0323,I0109,184.56,True
O0323,I0112,242.36,True
O0324,I0113,161.26,True
O0324,I0111,168.23,True
O0324,I0110,230.05,True
O0324,I0109,189.74,True
O0324,I0112,266.96,True
O0325,I0109,196.66,True
O0325,I0110,232.39,True
O0325,I0111,160.99,True
O0325,I0113,148.03,True
O0325,I0112,262.22,True
O0326,I0109,178.2,True
O0326,I0110,227.98,True
O0326,I0113,149.57,True
O0326,I0111,171.49,True
O0326,I0112,236.6,True
O0327,I0110,208.31,True
O0327,I0112,249.43,True
O0327,I0109,174.56,True
O0327,I0113,153.99,True
O0327,I0111,159.44,True
O0328,I0111,152.48,True
O0328,I0112,265.22,True
O0328,I0110,219.45,True
O0328,I0113,150.82,True
O0328,I0109,189.67,True
O0329,I0112,255.06,True
O0329,I0113,157.63,True
O0329,I0110,235.36,True
O0329,I0109,189.34,True
O0329,I0111,168.11,True
O0330,I0110,228.57,True
O0330,I0109,186.18,True
O0330,I0113,152.08,True
O0330,I0112,265.73,True
O0330,I0111,169.4,True
O0331,I0112,272.25,True
O0331,I0109,174.09,True
O0331,I0113,146.89,True
O0331,I0110,225.69,True
O0331,I0111,154.09,True
O0332,I0110,233.77,True
O0332,I0111,171.81,True
O0332,I0113,151.68,True
O0332,I0112,273.11,True
O0332,I0109,191.11,True
O0333,I0110,214.99,True
O0333,I0113,156.53,True
O0333,I0109,195.29,True
O0333,I0111,152.49,True
O0333,I0112,238.33,True
O0334,I0109,195.11,True
O0334,I0113,146.65,True
O0334,I0110,216.56,True
O0334,I0111,173.84,True
O0334,I0112,271.38,True
O0335,I0111,163.45,True
O0335,I0109,186.71,True
O0335,I0112,250.97,True
O0335,I0110,237.37,True
O0335,I0113,143.61,True
O0336,I0111,172.6,True
O0336,I0113,141.84,True
O0336,I0112,256.78,True
O0336,I0109,184.07,True
O0336,I0110,231.84,True
O0337,I0113,156.74,True
O0337,I0110,217.95,True
O0337,I0111,155.2,True
O0337,I0112,258.26,True
O0337,I0109,187.07,True
O0338,I0110,220.33,True
O0338,I0112,263.65,True
O0338,I0113,150.34,True
O0338,I0111,162.85,True
O0338,I0109,192.79,True
O0339,I0111,168.21,True
O0339,I0112,239.96,True
O0339,I0113,151.1,True
O0339,I0110,224.73,True
O0339,I0109,182.04,True
O0340,I0110,223.26,True
O0340,I0109,187.57,True
O0340,I0111,163.54,True
O0340,I0112,271.33,True
O0340,I0113,144.39,True
O0341,I0116,301.01,True
O0341,I0114,244.68,True
O0341,I0117,433.83,True
O0341,I0115,299.46,True
O0342,I0114,238.78,True
O0342,I0117,402.59,True
O0342,I0116,302.44,True
O0342,I0115,286.04,True
O0343,I0114,264.71,True
O0343,I0117,397.23,True
O0343,I0115,301.56,True
O0343,I0116,286.48,True
O0344,I0114,259.48,True
O0344,I0117,418.27,True
O0344,I0116,301.6,True
O0344,I0115,309.96,True
O0345,I0117,428.53,True
O0345,I0114,259.53,False
O0345,I0116,314.0,True
O0345,I0115,305.15,True
O0346,I0115,303.46,True
O0346,I0117,406.98,True
O0346,I0114,253.54,True
O0346,I0116,325.78,True
O0347,I0114,245.2,True
O0347,I0116,287.75,True
O0347,I0115,328.32,True
O0347,I0117,420.24,True
O0348,I0117,391.24,False
O0348,I0114,256.08,True
O0348,I0115,290.93,True
O0348,I0116,292.53,True
O0349,I0116,326.53,True
O0349,I0117,392.21,True
O0349,I0114,246.55,True
O0349,I0115,316.36,True
O0350,I0114,265.53,True
O0350,I0115,288.84,True
O0350,I0117,418.62,True
O0350,I0116,323.46,True
O0351,I0118,316.97,True
O0351,I0119,224.37,True
O0351,I0120,333.67,True
O0351,I0121,97.34,True
O0352,I0120,355.58,True
O0352,I0118,327.69,True
O0352,I0121,99.06,True
O0352,I0119,224.14,True
O0353,I0120,381.75,True
O0353,I0121,108.34,True
O0353,I0119,245.77,True
O0353,I0118,308.89,True
O0354,I0118,314.85,True
O0354,I0121,108.65,True
O0354,I0120,381.4,True
O0354,I0119,242.62,True
O0355,I0119,229.74,True
O0355,I0121,98.79,True
O0355,I0120,374.19,True
O0355,I0118,295.04,True
O0356,I0119,250.23,True
O0356,I0121,104.92,True
O0356,I0118,289.87,True
O0356,I0120,361.51,True
O0357,I0118,284.16,True
O0357,I0121,100.94,True
O0357,I0119,235.07,True
O0357,I0120,334.56,True
O0358,I0118,304.04,True
O0358,I0120,356.45,True
O0358,I0121,107.23,True
O0358,I0119,231.07,True
O0359,I0120,352.05,True
O0359,I0119,227.23,True
O0359,I0121,106.29,True
O0359,I0118,286.97,True
O0360,I0120,365.44,True
O0360,I0118,307.99,True
O0360,I0121,100.31,True
O0360,I0119,244.5,True
O0361,I0124,477.79,True
O0361,I0125,325.6,True
O0361,I0123,392.68,True
O0361,I0122,425.58,True
O0362,I0123,380.27,True
O0362,I0122,433.8,True
O0362,I0125,297.78,True
O0362,I0124,483.0,True
O0363,I0123,409.3,True
O0363,I0122,409.31,True
O0363,I0125,318.67,True
O0363,I0124,540.49,True
O0364,I0122,416.15,True
O0364,I0124,535.42,True
O0364,I0125,284.88,True
O0364,I0123,395.59,True
O0365,I0125,295.7,True
O0365,I0122,425.27,True
O0365,I0124,528.4,True
O0365,I0123,387.28,True
O0366,I0124,481.1,True
O0366,I0123,411.7,True
O0366,I0122,424.54,True
O0366,I0125,305.96,True
O0367,I0123,433.46,True
O0367,I0122,407.16,True
O0367,I0125,291.99,True
O0367,I0124,528.07,True
O0368,I0123,382.51,True
O0368,I0124,490.95,True
O0368,I0125,326.59,True
O0368,I0122,422.94,True
O0369,I0125,312.78,True
O0369,I0122,412.42,True
O0369,I0123,383.0,True
O0369,I0124,513.32,True
O0370,I0123,392.26,True
O0370,I0125,298.49,True
O0370,I0124,545.13,True
O0370,I0122,413.63,True
O0371,I0128,140.17,False
O0371,I0127,99.41,True
O0371,I0126,308.59,True
O0371,I0129,104.7,True
O0372,I0127,96.56,True
O0372,I0129,103.09,True
O0372,I0126,293.57,True
O0372,I0128,137.02,True
O0373,I0127,101.3,True
O0373,I0129,97.15,True
O0373,I0126,326.08,True
O0373,I0128,141.48,True
O0374,I0128,130.1,False
O0374,I0129,98.4,True
O0374,I0127,104.14,True
O0374,I0126,297.54,True
O0375,I0126,292.02,True
O0375,I0129,98.23,True
O0375,I0127,94.68,True
O0375,I0128,138.17,True
O0376,I0126,290.58,True
O0376,I0127,103.62,True
O0376,I0128,139.07,True
O0376,I0129,102.8,True
O0377,I0129,99.77,True
O0377,I0128,134.96,True
O0377,I0127,102.95,True
O0377,I0126,286.47,True
O0378,I0126,304.98,True
O0378,I0127,104.95,True
O0378,I0129,96.79,True
O0378,I0128,137.49,True
O0379,I0129,103.84,True
O0379,I0127,95.57,True
O0379,I0128,127.32,True
O0379,I0126,292.2,True
O0380,I0129,94.34,True
O0380,I0126,321.6,True
O0380,I0127,102.71,True
O0380,I0128,132.74,True
O0381,I0130,78.38,True
O0381,I0132,413.46,True
O0381,I0131,348.71,True
O0381,I0133,317.76,True
O0382,I0131,369.38,True
O0382,I0130,78.72,True
O0382,I0132,407.23,True
O0382,I0133,289.46,True
O0383,I0130,85.92,True
O0383,I0131,378.41,True
O0383,I0132,391.66,True
O0383,I0133,308.9,True
O0384,I0130,76.44,True
O0384,I0133,292.11,True
O0384,I0131,336.37,True
O0384,I0132,385.68,True
O0385,I0132,408.3,True
O0385,I0131,372.28,True
O0385,I0133,286.35,True
O0385,I0130,76.85,True
O0386,I0132,379.63,True
O0386,I0130,83.29,True
O0386,I0131,351.23,True
O0386,I0133,321.53,True
O0387,I0131,360.49,True
O0387,I0132,393.88,True
O0387,I0133,309.57,True
O0387,I0130,86.64,True
O0388,I0133,295.93,True
O0388,I0132,422.39,True
O0388,I0130,77.36,True
O0388,I0131,336.12,True
O0389,I0131,343.14,True
O0389,I0133,319.77,True
O0389,I0132,415.23,True
O0389,I0130,79.9,True
O0390,I0130,85.84,True
O0390,I0132,429.23,True
O0390,I0131,345.3,True
O0390,I0133,324.03,True
O0391,I0136,415.83,True
O0391,I0134,428.31,True
O0391,I0135,397.44,True
O0391,I0137,321.22,True
O0392,I0134,414.77,True
O0392,I0135,406.87,True
O0392,I0137,319.13,True
O0392,I0136,425.72,True
O0393,I0135,365.28,True
O0393,I0136,425.58,True
O0393,I0137,290.18,True
O0393,I0134,400.89,True
O0394,I0137,287.22,True
O0394,I0134,425.54,True
O0394,I0135,408.73,True
O0394,I0136,416.39,True
O0395,I0136,380.9,False
O0395,I0134,396.18,True
O0395,I0135,364.45,True
O0395,I0137,323.62,True
O0396,I0134,430.5,True
O0396,I0137,324.03,True
O0396,I0135,369.59,True
O0396,I0136,417.5,True
O0397,I0136,416.04,True
O0397,I0137,312.6,True
O0397,I0134,420.03,True
O0397,I0135,364.41,False
O0398,I0134,435.33,True
O0398,I0136,397.06,True
O0398,I0135,409.71,False
O0398,I0137,299.37,True
O0399,I0137,313.87,True
O0399,I0134,416.08,True
O0399,I0136,421.53,True
O0399,I0135,364.06,True
O0400,I0137,322.62,True
O0400,I0135,402.16,True
O0400,I0134,384.8,True
O0400,I0136,417.46,False
O0401,I0140,103.22,True
O0401,I0138,156.28,True
O0401,I0139,77.72,True
O0401,I0141,113.98,True
O0401,I0142,194.0,True
O0402,I0138,160.0,True
O0402,I0139,75.97,True
O0402,I0141,105.07,True
O0402,I0140,100.93,True
O0402,I0142,210.99,True
O0403,I0142,214.24,True
O0403,I0139,86.72,True
O0403,I0141,111.08,True
O0403,I0138,151.02,True
O0403,I0140,106.98,True
O0404,I0139,85.33,True
O0404,I0141,104.07,True
O0404,I0138,145.08,True
O0404,I0140,98.71,True
O0404,I0142,205.21,True
O0405,I0141,107.79,True
O0405,I0140,102.1,True
O0405,I0139,82.68,True
O0405,I0138,162.71,True
O0405,I0142,208.77,False
O0406,I0141,108.19,True
O0406,I0138,153.84,True
O0406,I0140,102.5,True
O0406,I0139,78.95,True
O0406,I0142,205.69,True
O0407,I0141,107.35,True
O0407,I0140,96.22,True
O0407,I0142,211.49,True
O0407,I0138,151.63,True
O0407,I0139,82.03,False
O0408,I0141,104.96,True
O0408,I0139,79.56,True
O0408,I0138,161.44,True
O0408,I0140,98.16,False
O0408,I0142,216.65,True
O0409,I0140,105.81,True
O0409,I0141,118.65,True
O0409,I0138,162.3,True
O0409,I0139,85.21,True
O0409,I0142,190.23,True
O0410,I0139,77.31,True
O0410,I0142,200.88,True
O0410,I0141,109.08,True
O0410,I0138,160.01,True
O0410,I0140,98.13,True
O0411,I0018,406.37,True
O0411,I0023,266.04,True
O0411,I0019,383.46,True
O0411,I0025,90.67,True
O0411,I0022,303.56,True
O0411,I0024,219.67,True
O0411,I0020,427.32,True
O0411,I0021,317.3,True
O0412,I0021,319.93,True
O0412,I0023,264.73,True
O0412,I0022,322.47,True
O0412,I0018,413.84,True
O0412,I0025,89.95,True
O0412,I0024,250.8,True
O0412,I0020,444.02,True
O0412,I0019,334.55,True
O0413,I0024,225.15,True
O0413,I0018,415.76,True
O0413,I0020,437.36,True
O0413,I0023,263.58,True
O0413,I0022,290.3,True
O0413,I0025,91.59,True
O0413,I0019,375.86,True
O0413,I0021,306.05,True
O0414,I0022,302.67,True
O0414,I0019,380.67,True
O0414,I0025,94.3,True
O0414,I0023,248.21,True
O0414,I0020,464.5,True
O0414,I0024,225.29,True
O0414,I0018,374.68,True
O0414,I0021,309.64,True
O0415,I0020,482.4,True
O0415,I0024,232.24,True
O0415,I0018,385.99,True
O0415,I0025,85.78,True
O0415,I0019,343.97,True
O0415,I0022,296.42,True
O0415,I0021,307.34,True
O0415,I0023,271.84,True
O0416,I0023,243.36,True
O0416,I0021,322.7,True
O0416,I0019,350.43,True
O0416,I0022,313.43,True
O0416,I0024,247.04,True
O0416,I0020,463.38,True
O0416,I0018,365.53,True
O0416,I0025,88.1,True
O0417,I0022,309.27,True
O0417,I0021,291.69,True
O0417,I0025,97.01,True
O0417,I0020,458.39,True
O0417,I0024,235.94,True
O0417,I0018,364.99,True
O0417,I0023,251.27,True
O0417,I0019,371.83,True
O0418,I0020,454.53,True
O0418,I0019,367.99,True
O0418,I0023,260.85,True
O0418,I0022,310.39,True
O0418,I0021,295.96,True
O0418,I0018,364.88,True
O0418,I0025,92.07,True
O0418,I0024,218.52,True
O0419,I0018,406.89,True
O0419,I0022,311.77,True
O0419,I0019,346.59,True
O0419,I0024,218.5,True
O0419,I0025,96.92,True
O0419,I0023,248.51,True
O0419,I0020,435.7,True
O0419,I0021,292.57,True
O0420,I0020,463.75,True
O0420,I0023,244.17,True
O0420,I0021,314.58,True
O0420,I0018,380.67,True
O0420,I0019,334.6,False
O0420,I0025,97.51,True
O0420,I0024,228.67,True
O0420,I0022,291.84,True
O0421,I0033,337.57,True
O0421,I0034,430.88,True
O0421,I0032,485.21,True
O0421,I0035,474.92,True
O0421,I0037,245.58,True
O0421,I0036,294.07,True
O0422,I0035,485.37,True
O0422,I0034,430.48,False
O0422,I0037,257.3,True
O0422,I0032,450.83,True
O0422,I0036,325.97,True
O0422,I0033,360.83,True
O0423,I0033,381.88,True
O0423,I0032,455.54,True
O0423,I0035,447.81,True
O0423,I0036,300.72,True
O0423,I0037,243.86,True
O0423,I0034,424.71,True
O0424,I0037,262.06,True
O0424,I0036,300.77,True
O0424,I0035,441.17,True
O0424,I0034,398.71,True
O0424,I0033,355.91,True
O0424,I0032,445.18,True
O0425,I0035,481.51,True
O0425,I0033,348.08,False
O0425,I0036,299.13,True
O0425,I0037,266.68,True
O0425,I0032,446.39,True
O0425,I0034,426.96,True
O0426,I0037,258.28,True
O0426,I0033,380.61,True
O0426,I0034,423.52,True
O0426,I0036,316.72,True
O0426,I0032,428.13,True
O0426,I0035,475.06,True
O0427,I0034,428.42,True
O0427,I0035,435.91,True
O0427,I0037,251.6,True
O0427,I0033,348.39,True
O0427,I0036,306.08,True
O0427,I0032,446.94,True
O0428,I0037,271.14,True
O0428,I0032,464.91,True
O0428,I0036,301.84,True
O0428,I0033,356.58,True
O0428,I0035,491.01,True
O0428,I0034,404.73,True
O0429,I0032,492.46,True
O0429,I0034,431.54,True
O0429,I0033,373.71,True
O0429,I0036,311.62,True
O0429,I0035,457.05,True
O0429,I0037,265.76,True
O0430,I0037,268.26,True
O0430,I0035,440.61,True
O0430,I0033,336.38,True
O0430,I0034,385.86,True
O0430,I0036,288.57,True
O0430,I0032,427.33,True
O0431,I0054,218.47,True
O0431,I0053,271.8,True
O0431,I0055,283.24,True
O0431,I0056,314.94,True
O0431,I0057,632.71,True
O0432,I0055,283.33,True
O0432,I0054,228.22,True
O0432,I0056,325.63,True
O0432,I0053,253.28,True
O0432,I0057,579.24,True
O0433,I0053,248.18,True
O0433,I0057,618.34,True
O0433,I0056,297.86,True
O0433,I0054,237.93,True
O0433,I0055,275.08,True
O0434,I0055,303.04,True
O0434,I0054,228.34,True
O0434,I0053,271.3,True
O0434,I0056,313.27,True
O0434,I0057,573.4,True
O0435,I0057,616.85,True
O0435,I0054,237.25,True
O0435,I0055,273.84,True
O0435,I0056,324.35,True
O0435,I0053,245.12,True
O0436,I0056,308.41,True
O0436,I0057,623.59,True
O0436,I0055,268.7,True
O0436,I0053,240.67,True
O0436,I0054,236.84,True
O0437,I0054,251.62,True
O0437,I0057,630.98,True
O0437,I0053,261.82,False
O0437,I0055,291.92,True
O0437,I0056,291.71,True
O0438,I0054,245.13,True
O0438,I0053,241.93,True
O0438,I0057,636.44,True
O0438,I0055,272.21,True
O0438,I0056,300.5,True
O0439,I0055,272.64,True
O0439,I0054,246.98,True
O0439,I0056,317.47,True
O0439,I0053,266.23,True
O0439,I0057,625.79,True
O0440,I0054,231.46,True
O0440,I0055,265.71,True
O0440,I0053,244.65,True
O0440,I0057,655.76,True
O0440,I0056,296.36,True
O0441,I0073,163.81,True
O0441,I0074,170.63,True
O0441,I0075,233.77,True
O0441,I0072,140.16,True
O0441,I0076,205.92,True
O0442,I0072,132.64,True
O0442,I0073,151.24,True
O0442,I0075,236.14,True
O0442,I0076,195.01,True
O0442,I0074,191.37,True
O0443,I0075,223.71,True
O0443,I0074,190.43,False
O0443,I0073,152.59,True
O0443,I0072,134.13,True
O0443,I0076,202.74,True
O0444,I0072,125.13,True
O0444,I0074,180.57,True
O0444,I0073,174.34,True
O0444,I0076,216.02,True
O0444,I0075,228.96,True
O0445,I0075,248.9,True
O0445,I0073,166.41,True
O0445,I0074,192.09,True
O0445,I0072,136.98,False
O0445,I0076,202.17,True
O0446,I0075,220.8,True
O0446,I0074,174.8,True
O0446,I0072,141.67,True
O0446,I0076,215.36,True
O0446,I0073,163.34,True
O0447,I0072,140.36,True
O0447,I0075,230.24,True
O0447,I0074,176.23,True
O0447,I0076,208.49,True
O0447,I0073,164.47,True
O0448,I0076,190.26,True
O0448,I0075,233.72,True
O0448,I0072,141.67,True
O0448,I0073,168.04,True
O0448,I0074,170.47,True
O0449,I0072,133.19,True
O0449,I0075,233.21,True
O0449,I0074,178.21,True
O0449,I0076,191.58,True
O0449,I0073,154.14,True
O0450,I0074,192.83,True
O0450,I0076,212.59,True
O0450,I0073,152.81,True
O0450,I0072,136.3,True
O0450,I0075,229.89,True
O0451,I0052,285.64,True
O0451,I0049,449.25,True
O0451,I0050,447.33,True
O0451,I0051,358.69,True
O0452,I0051,329.49,True
O0452,I0052,312.21,True
O0452,I0049,467.38,True
O0452,I0050,431.26,True
O0453,I0051,343.03,True
O0453,I0050,428.34,True
O0453,I0052,286.25,True
O0453,I0049,447.22,True
O0454,I0049,432.28,True
O0454,I0052,308.01,True
O0454,I0051,359.92,True
O0454,I0050,439.78,True
O0455,I0051,339.27,True
O0455,I0052,326.4,True
O0455,I0049,484.63,True
O0455,I0050,464.83,True
O0456,I0052,320.62,True
O0456,I0050,425.78,True
O0456,I0051,333.14,True
O0456,I0049,439.98,True
O0457,I0051,323.9,True
O0457,I0049,443.62,True
O0457,I0050,435.86,True
O0457,I0052,288.5,True
O0458,I0051,346.98,True
O0458,I0052,317.29,True
O0458,I0049,440.06,True
O0458,I0050,431.29,True
O0459,I0049,465.53,True
O0459,I0050,469.32,True
O0459,I0052,286.32,True
O0459,I0051,319.12,True
O0460,I0049,490.52,True
O0460,I0050,440.71,True
O0460,I0052,303.17,True
O0460,I0051,324.75,True
O0461,I0018,416.37,True
O0461,I0022,301.21,True
O0461,I0024,244.75,True
O0461,I0020,483.65,True
O0461,I0025,93.68,True
O0461,I0021,313.7,True
O0461,I0023,259.46,True
O0461,I0019,345.97,True
O0462,I0019,337.67,True
O0462,I0023,242.22,True
O0462,I0020,484.83,True
O0462,I0021,310.08,True
O0462,I0018,372.83,True
O0462,I0024,224.9,True
O0462,I0022,294.35,True
O0462,I0025,94.41,True
O0463,I0020,488.54,False
O0463,I0025,94.2,True
O0463,I0023,268.48,True
O0463,I0018,374.78,True
O0463,I0024,224.28,True
O0463,I0021,292.24,True
O0463,I0022,308.78,True
O0463,I0019,381.02,True
O0464,I0021,308.18,True
O0464,I0019,380.79,True
O0464,I0018,389.78,True
O0464,I0020,458.26,True
O0464,I0023,247.34,True
O0464,I0025,97.21,True
O0464,I0024,231.78,True
O0464,I0022,315.53,True
O0465,I0025,91.99,True
O0465,I0022,321.35,True
O0465,I0019,349.47,True
O0465,I0021,285.66,True
O0465,I0018,416.64,True
O0465,I0020,461.03,True
O0465,I0023,260.45,True
O0465,I0024,236.26,True
O0466,I0019,340.45,True
O0466,I0023,270.79,True
O0466,I0025,97.01,True
O0466,I0022,308.2,True
O0466,I0020,441.79,True
O0466,I0018,380.67,True
O0466,I0021,326.35,True
O0466,I0024,239.89,True
O0467,I0018,395.34,True
O0467,I0023,240.76,True
O0467,I0020,492.5,True
O0467,I0019,380.78,True
O0467,I0021,300.52,True
O0467,I0022,326.03,True
O0467,I0025,93.63,True
O0467,I0024,219.29,True
O0468,I0023,259.57,True
O0468,I0019,363.48,True
O0468,I0020,484.05,True
O0468,I0021,289.86,True
O0468,I0018,397.07,True
O0468,I0022,295.75,True
O0468,I0025,95.66,True
O0468,I0024,232.67,True
O0469,I0020,459.11,True
O0469,I0022,300.64,True
O0469,I0024,241.47,True
O0469,I0018,413.12,True
O0469,I0023,245.54,True
O0469,I0025,85.72,True
O0469,I0021,291.58,True
O0469,I0019,350.38,True
O0470,I0025,87.21,True
O0470,I0019,349.05,True
O0470,I0022,307.93,True
O0470,I0023,237.55,True
O0470,I0018,378.39,True
O0470,I0024,225.96,True
O0470,I0021,326.95,True
O0470,I0020,484.84,True
O0471,I0102,263.48,True
O0471,I0104,247.14,True
O0471,I0103,254.82,True
O0471,I0101,296.73,True
O0471,I0100,258.58,True
O0472,I0103,271.6,True
O0472,I0100,265.94,True
O0472,I0104,234.31,True
O0472,I0102,266.94,True
O0472,I0101,304.03,True
O0473,I0100,272.96,True
O0473,I0104,240.99,True
O0473,I0103,262.0,True
O0473,I0101,301.92,True
O0473,I0102,259.29,True
O0474,I0103,271.2,True
O0474,I0100,247.92,True
O0474,I0101,327.2,True
O0474,I0102,261.24,True
O0474,I0104,231.75,True
O0475,I0104,237.15,True
O0475,I0100,237.24,True
O0475,I0102,275.06,False
O0475,I0101,323.59,True
O0475,I0103,251.84,True
O0476,I0104,237.86,True
O0476,I0101,326.78,True
O0476,I0100,266.26,True
O0476,I0102,291.7,True
O0476,I0103,271.1,True
O0477,I0104,223.23,True
O0477,I0103,256.51,True
O0477,I0102,272.28,True
O0477,I0100,239.8,True
O0477,I0101,301.29,True
O0478,I0103,255.81,True
O0478,I0104,231.02,True
O0478,I0102,277.0,True
O0478,I0100,249.92,True
O0478,I0101,291.13,True
O0479,I0100,264.41,True
O0479,I0103,246.03,True
O0479,I0104,240.0,True
O0479,I0101,297.26,True
O0479,I0102,265.73,True
O0480,I0102,272.11,True
O0480,I0100,263.76,True
O0480,I0104,233.37,True
O0480,I0103,249.21,True
O0480,I0101,299.88,True
O0481,I0019,339.13,True
O0481,I0021,292.51,True
O0481,I0025,94.78,True
O0481,I0024,242.41,True
O0481,I0018,397.55,True
O0481,I0023,242.53,True
O0481,I0020,478.22,True
O0481,I0022,326.25,True
O0482,I0025,96.38,True
O0482,I0023,268.16,True
O0482,I0020,465.53,False
O0482,I0019,340.63,True
O0482,I0021,303.12,True
O0482,I0024,241.53,True
O0482,I0018,400.95,True
O0482,I0022,311.03,True
O0483,I0021,328.33,True
O0483,I0019,359.49,True
O0483,I0025,94.9,True
O0483,I0018,386.61,True
O0483,I0023,244.2,True
O0483,I0022,308.97,True
O0483,I0020,435.23,True
O0483,I0024,242.62,True
O0484,I0022,323.89,True
O0484,I0020,462.71,True
O0484,I0018,375.88,True
O0484,I0025,92.36,True
O0484,I0023,257.82,True
O0484,I0021,310.56,True
O0484,I0019,362.05,True
O0484,I0024,246.4,True
O0485,I0023,245.8,True
O0485,I0025,95.54,True
O0485,I0018,388.15,True
O0485,I0020,431.18,True
O0485,I0021,316.21,True
O0485,I0019,362.21,True
O0485,I0024,229.15,True
O0485,I0022,297.02,True
O0486,I0023,272.14,True
O0486,I0025,95.36,True
O0486,I0022,299.43,True
O0486,I0018,380.97,True
O0486,I0021,306.96,True
O0486,I0019,374.4,True
O0486,I0020,465.34,True
O0486,I0024,231.01,True
O0487,I0024,244.35,True
O0487,I0023,270.94,True
O0487,I0022,321.19,True
O0487,I0025,97.55,True
O0487,I0020,468.4,True
O0487,I0018,363.2,True
O0487,I0019,367.72,True
O0487,I0021,299.75,True
O0488,I0024,237.66,True
O0488,I0023,259.63,True
O0488,I0022,303.48,True
O0488,I0018,360.21,True
O0488,I0025,87.97,True
O0488,I0021,302.0,True
O0488,I0019,377.92,True
O0488,I0020,467.64,True
O0489,I0025,84.93,True
O0489,I0022,287.9,True
O0489,I0019,345.14,True
O0489,I0020,467.94,True
O0489,I0024,218.84,True
O0489,I0023,265.38,True
O0489,I0021,299.5,True
O0489,I0018,362.93,True
O0490,I0024,219.51,True
O0490,I0020,484.65,True
O0490,I0025,92.28,True
O0490,I0018,362.28,True
O0490,I0021,292.22,True
O0490,I0019,375.13,True
O0490,I0023,264.17,True
O0490,I0022,297.72,True
O0491,I0138,144.73,True
O0491,I0142,216.8,True
O0491,I0139,82.36,True
O0491,I0140,102.8,True
O0491,I0141,113.28,True
O0492,I0139,84.41,True
O0492,I0140,97.71,True
O0492,I0141,117.95,True
O0492,I0142,191.01,True
O0492,I0138,151.97,True
O0493,I0142,190.47,True
O0493,I0141,118.43,True
O0493,I0140,103.65,True
O0493,I0139,85.93,True
O0493,I0138,142.76,True
O0494,I0138,151.68,True
O0494,I0139,86.05,True
O0494,I0140,97.48,True
O0494,I0141,108.66,True
O0494,I0142,199.51,True
O0495,I0140,94.75,True
O0495,I0142,212.52,True
O0495,I0138,148.01,True
O0495,I0141,111.05,True
O0495,I0139,77.86,True
O0496,I0141,110.63,True
O0496,I0138,158.85,True
O0496,I0139,86.39,True
O0496,I0142,204.24,True
O0496,I0140,94.22,True
O0497,I0138,150.6,True
O0497,I0142,195.54,False
O0497,I0141,111.49,True
O0497,I0140,97.78,True
O0497,I0139,82.65,True
O0498,I0142,193.52,True
O0498,I0138,144.55,True
O0498,I0140,103.98,True
O0498,I0139,86.36,True
O0498,I0141,114.01,True
O0499,I0138,142.29,True
O0499,I0140,97.15,True
O0499,I0142,199.17,True
O0499,I0139,75.79,True
O0499,I0141,105.79,True
O0500,I0138,143.52,True
O0500,I0139,75.62,True
O0500,I0140,104.52,True
O0500,I0141,105.11,True
O0500,I0142,209.18,True
