campaign_id,franchise_id,campaign_name,campaign_type,start_date,end_date,budget,impressions,clicks,conversions,revenue_generated,roi_pct
CMP00001,F019,Family Meal Combo,Loyalty,2025-10-26,2025-11-05,46747,82724,873,652,152645.02,226.53
CMP00002,F032,Family Feast Weekend,Search,2026-04-17,2026-04-30,24898,13758,1620,1551,69805.44,180.37
CMP00003,F025,Loyalty Customer Offer,Social Media,2026-02-23,2026-03-09,41615,115114,2310,1720,148192.3,256.1
CMP00004,F044,New Menu Launch,Festival,2026-01-25,2026-01-31,56565,108533,19159,1221,265346.38,369.1
CMP00005,F004,Family Meal Combo,Festival,2026-07-09,2026-07-12,73610,34130,6251,1993,270105.06,266.94
CMP00006,F038,Family Feast Weekend,Festival,2026-05-21,2026-06-06,42278,11114,1084,392,38604.51,-8.69
CMP00007,F036,Festive Dinner Promotion,Local Promotion,2026-07-28,2026-08-11,31194,42207,5306,1915,59847.11,91.85
CMP00008,F041,Delivery Special,Festival,2026-04-22,2026-04-28,53756,30279,1901,1086,153527.97,185.6
CMP00009,F007,Student Meal Offer,Festival,2025-12-25,2026-01-05,40337,56916,338,268,34131.59,-15.38
CMP00010,F043,Student Meal Offer,Loyalty,2026-04-21,2026-05-02,47615,110377,9007,800,34875.19,-26.76
CMP00011,F027,Loyalty Customer Offer,Search,2026-06-30,2026-07-09,48650,44037,6800,356,69114.04,42.06
CMP00012,F049,Weekend Biryani Offer,Loyalty,2025-12-20,2025-12-27,19058,37755,1462,662,76270.83,300.2
CMP00013,F045,Festive Dinner Promotion,Social Media,2026-07-10,2026-07-27,37809,75258,9315,1145,180596.71,377.66
CMP00014,F024,Family Feast Weekend,Local Promotion,2026-01-10,2026-01-27,24927,67603,8603,856,32304.46,29.6
CMP00015,F030,Delivery Special,Loyalty,2026-04-22,2026-04-26,37771,58345,398,207,67352.03,78.32
CMP00016,F041,Weekend Biryani Offer,Search,2025-09-22,2025-09-25,31131,93893,12690,375,125884.44,304.37
CMP00017,F005,Lunch Combo Campaign,Local Promotion,2025-12-21,2026-01-06,22966,131283,13148,299,95303.71,314.98
CMP00018,F040,Delivery Special,Search,2026-04-30,2026-05-08,42387,5629,806,490,137526.54,224.45
CMP00019,F025,Lunch Combo Campaign,Search,2026-02-26,2026-03-15,58852,106319,9828,1879,62411.5,6.05
CMP00020,F006,New Menu Launch,Loyalty,2025-11-06,2025-11-24,71706,79634,2387,1001,332538.43,363.75
CMP00021,F010,Festive Dinner Promotion,Festival,2026-07-22,2026-07-30,71847,17614,2619,1187,272532.8,279.32
CMP00022,F022,Lunch Combo Campaign,Local Promotion,2026-04-28,2026-05-11,21290,145999,10833,756,93989.34,341.47
CMP00023,F009,Lunch Combo Campaign,Social Media,2025-10-04,2025-10-20,19018,40673,5480,332,52967.73,178.51
CMP00024,F030,New Menu Launch,Festival,2025-09-28,2025-10-16,67589,26225,733,486,317908.35,370.36
CMP00025,F020,Family Meal Combo,Search,2026-07-26,2026-08-15,73837,108042,15902,1430,278050.34,276.57
CMP00026,F035,Student Meal Offer,Social Media,2026-07-06,2026-07-14,69123,120274,5094,1302,77453.11,12.05
CMP00027,F020,Chef Special Promotion,Local Promotion,2025-10-06,2025-10-15,30407,130212,7659,894,77201.2,153.89
CMP00028,F013,New Menu Launch,Search,2026-06-17,2026-06-20,50703,148065,16521,638,134848.95,165.96
CMP00029,F008,Weekend Pizza Deal,Search,2026-03-15,2026-03-21,10419,72275,2282,483,14706.62,41.15
CMP00030,F047,Family Feast Weekend,Loyalty,2025-11-22,2025-12-07,41049,14427,2595,1910,100276.23,144.28
CMP00031,F023,Festive Dinner Promotion,Festival,2026-02-14,2026-03-02,73692,116897,15061,1583,115579.38,56.84
CMP00032,F036,Loyalty Customer Offer,Loyalty,2025-10-26,2025-11-02,34903,53504,9321,570,28831.51,-17.4
CMP00033,F038,Loyalty Customer Offer,Festival,2026-05-18,2026-05-22,33163,73742,12126,201,25652.76,-22.65
CMP00034,F013,Weekend Biryani Offer,Search,2026-06-08,2026-06-18,49021,38557,6461,869,124470.7,153.91
CMP00035,F050,Delivery Special,Search,2025-12-03,2025-12-20,59311,126292,23319,434,92075.84,55.24
CMP00036,F044,Weekend Biryani Offer,Festival,2026-03-16,2026-04-05,15366,122049,8438,1150,22007.72,43.22
CMP00037,F035,Lunch Combo Campaign,Festival,2025-11-14,2025-11-17,31862,14851,2412,1376,52332.62,64.25
CMP00038,F027,Family Feast Weekend,Social Media,2025-12-21,2026-01-04,24861,50266,1366,287,96462.13,288.01
CMP00039,F050,Lunch Combo Campaign,Festival,2025-12-01,2025-12-13,15590,102261,8587,1988,53409.19,242.59
CMP00040,F045,Monsoon Food Festival,Loyalty,2025-09-18,2025-09-29,62854,16217,548,111,80339.73,27.82
CMP00041,F039,Loyalty Customer Offer,Local Promotion,2025-12-09,2025-12-14,28757,102831,17275,1302,53066.53,84.53
CMP00042,F001,Weekend Biryani Offer,Local Promotion,2026-03-07,2026-03-23,41067,48315,8390,1038,186261.64,353.56
CMP00043,F023,Festive Dinner Promotion,Loyalty,2025-11-10,2025-11-27,36510,76265,6968,1359,27683.96,-24.17
CMP00044,F045,Festive Dinner Promotion,Social Media,2026-03-06,2026-03-20,22212,54613,8743,1322,66222.86,198.14
CMP00045,F042,Lunch Combo Campaign,Local Promotion,2026-08-11,2026-08-27,40330,120870,13973,1654,102028.34,152.98
CMP00046,F018,Delivery Special,Local Promotion,2026-06-18,2026-07-03,16310,106711,9300,1160,28894.05,77.16
CMP00047,F016,Delivery Special,Social Media,2026-07-30,2026-08-06,46171,39217,5869,968,129965.49,181.49
CMP00048,F027,Weekend Pizza Deal,Local Promotion,2025-09-20,2025-10-11,72229,143975,2557,983,293555.42,306.42
CMP00049,F005,Student Meal Offer,Social Media,2026-04-15,2026-04-30,51873,13971,1186,605,190770.89,267.77
CMP00050,F050,Weekend Biryani Offer,Local Promotion,2026-03-13,2026-03-17,21935,68623,13674,1512,93574.58,326.6
CMP00051,F049,Chef Special Promotion,Search,2026-01-15,2026-01-28,62395,35006,4859,1288,289444.92,363.89
CMP00052,F015,Weekend Pizza Deal,Search,2026-07-12,2026-07-17,73662,93768,2298,750,349535.09,374.51
CMP00053,F032,Family Meal Combo,Loyalty,2026-05-08,2026-05-27,29617,107909,11579,349,32288.64,9.02
CMP00054,F048,Family Meal Combo,Search,2025-10-09,2025-10-14,45832,38454,375,244,109813.0,139.6
CMP00055,F007,Weekend Biryani Offer,Loyalty,2025-09-20,2025-09-28,13718,87870,1820,494,31942.41,132.85
CMP00056,F006,Family Feast Weekend,Search,2026-06-28,2026-07-07,57218,16012,905,506,107635.21,88.11
CMP00057,F030,Lunch Combo Campaign,Local Promotion,2025-11-12,2025-11-19,56791,115495,5164,1874,97053.07,70.9
CMP00058,F023,New Menu Launch,Social Media,2026-05-16,2026-05-19,65102,49096,1600,136,282865.98,334.5
CMP00059,F003,Lunch Combo Campaign,Local Promotion,2026-04-09,2026-04-12,29483,81312,11809,1354,58924.59,99.86
CMP00060,F013,Loyalty Customer Offer,Search,2025-09-08,2025-09-11,54918,136032,5277,972,50382.77,-8.26
CMP00061,F017,Family Feast Weekend,Festival,2025-10-06,2025-10-14,62347,78697,425,307,182910.04,193.37
CMP00062,F019,Monsoon Food Festival,Loyalty,2026-08-21,2026-09-11,15002,18719,3412,1056,46319.67,208.76
CMP00063,F004,Monsoon Food Festival,Loyalty,2025-10-07,2025-10-24,63178,28935,2641,301,124406.15,96.91
CMP00064,F028,Festive Dinner Promotion,Loyalty,2026-05-28,2026-06-07,36441,47173,5438,1810,121053.08,232.19
CMP00065,F029,Chef Special Promotion,Search,2026-06-18,2026-07-05,32217,16300,2688,1301,26735.83,-17.01
CMP00066,F021,Festive Dinner Promotion,Local Promotion,2026-07-07,2026-07-12,14811,16249,2252,71,19840.59,33.96
CMP00067,F031,Lunch Combo Campaign,Social Media,2026-04-12,2026-04-24,46784,33531,2382,1721,109685.63,134.45
CMP00068,F007,Monsoon Food Festival,Festival,2026-04-03,2026-04-09,24656,6214,806,240,93112.07,277.64
CMP00069,F017,Monsoon Food Festival,Festival,2026-03-02,2026-03-22,36899,6330,459,432,74408.92,101.66
CMP00070,F021,Family Meal Combo,Social Media,2026-07-12,2026-07-23,64113,6874,475,390,136322.94,112.63
CMP00071,F021,Student Meal Offer,Social Media,2026-06-16,2026-07-06,62159,26187,4925,1568,132894.0,113.8
CMP00072,F025,Lunch Combo Campaign,Local Promotion,2026-03-01,2026-03-10,41790,18558,3615,501,32755.26,-21.62
CMP00073,F043,Chef Special Promotion,Search,2026-07-23,2026-07-26,55893,105851,13238,74,107871.51,93.0
CMP00074,F007,Weekend Biryani Offer,Social Media,2026-05-10,2026-05-21,14445,90428,2691,1875,59657.67,313.0
CMP00075,F044,New Menu Launch,Festival,2026-05-25,2026-05-31,33398,110051,11350,783,51951.22,55.55
CMP00076,F025,Student Meal Offer,Festival,2025-12-03,2025-12-11,65876,73801,11444,895,275219.29,317.78
CMP00077,F029,Loyalty Customer Offer,Festival,2026-05-23,2026-06-03,11516,96359,12422,21,39966.16,247.05
CMP00078,F049,Weekend Pizza Deal,Social Media,2026-03-08,2026-03-28,15254,105302,9845,173,41046.48,169.09
CMP00079,F010,Student Meal Offer,Search,2025-10-20,2025-10-29,63904,124850,19703,1021,144724.86,126.47
CMP00080,F026,Student Meal Offer,Search,2026-06-28,2026-07-16,32730,130555,17632,1992,150003.66,358.31
CMP00081,F011,Student Meal Offer,Social Media,2026-02-19,2026-02-26,53678,43477,7375,710,149860.3,179.18
CMP00082,F006,Loyalty Customer Offer,Festival,2026-08-04,2026-08-16,25941,77093,14818,1249,56074.45,116.16
CMP00083,F007,Festive Dinner Promotion,Festival,2025-10-16,2025-10-26,74989,110639,10913,1158,317585.98,323.51
CMP00084,F002,Loyalty Customer Offer,Local Promotion,2026-06-25,2026-07-03,42902,94696,11969,773,170038.13,296.34
CMP00085,F032,New Menu Launch,Festival,2026-06-12,2026-06-17,51393,147860,8195,720,216045.4,320.38
CMP00086,F044,Lunch Combo Campaign,Local Promotion,2026-06-01,2026-06-18,74406,124293,20697,1201,173435.88,133.09
CMP00087,F027,Student Meal Offer,Local Promotion,2026-02-05,2026-02-09,22173,34769,3793,1416,76206.47,243.69
CMP00088,F013,Student Meal Offer,Loyalty,2026-02-02,2026-02-22,32459,37754,4289,955,124972.07,285.02
CMP00089,F037,Student Meal Offer,Loyalty,2025-09-26,2025-10-13,39499,18962,3634,1767,169299.0,328.62
CMP00090,F002,Family Meal Combo,Local Promotion,2025-09-20,2025-10-02,68689,115445,7452,517,230410.89,235.44
CMP00091,F026,Weekend Pizza Deal,Loyalty,2026-03-01,2026-03-14,26786,71883,6714,1712,96924.43,261.85
CMP00092,F005,New Menu Launch,Festival,2026-02-23,2026-03-08,67243,61813,3405,1017,183565.1,172.99
CMP00093,F047,Festive Dinner Promotion,Search,2026-02-01,2026-02-10,44810,134102,10108,1225,45065.8,0.57
CMP00094,F050,Student Meal Offer,Social Media,2026-07-21,2026-08-06,38870,147049,4236,600,84388.97,117.11
CMP00095,F011,New Menu Launch,Search,2026-07-15,2026-07-29,15517,15987,1936,734,59692.32,284.69
CMP00096,F026,Family Feast Weekend,Festival,2026-07-26,2026-08-09,74963,138697,6571,255,266012.36,254.86
CMP00097,F011,Loyalty Customer Offer,Search,2026-01-05,2026-01-12,61510,81545,9711,712,87985.71,43.04
CMP00098,F044,Loyalty Customer Offer,Festival,2026-06-26,2026-07-08,43462,58544,2303,263,165752.7,281.37
CMP00099,F022,Chef Special Promotion,Search,2026-02-15,2026-03-02,12913,21185,419,126,46780.06,262.27
CMP00100,F014,New Menu Launch,Local Promotion,2026-01-01,2026-01-15,74585,73157,10394,64,108415.74,45.36
CMP00101,F046,Chef Special Promotion,Festival,2026-05-28,2026-06-04,25052,83118,6748,592,114824.57,358.34
CMP00102,F036,Lunch Combo Campaign,Search,2025-10-08,2025-10-12,27687,92513,7295,692,47352.12,71.03
CMP00103,F042,Student Meal Offer,Local Promotion,2025-09-21,2025-10-12,67985,102113,2115,922,193685.55,184.89
CMP00104,F031,Family Meal Combo,Festival,2025-12-24,2026-01-01,14885,121390,2536,525,12006.0,-19.34
CMP00105,F005,Loyalty Customer Offer,Local Promotion,2026-06-01,2026-06-15,22036,147874,20138,1808,38585.48,75.1
CMP00106,F045,Family Feast Weekend,Local Promotion,2025-09-15,2025-09-26,54040,117014,15417,1039,130270.53,141.06
CMP00107,F008,Lunch Combo Campaign,Loyalty,2026-03-18,2026-04-03,53760,137028,576,80,240663.84,347.66
CMP00108,F038,Student Meal Offer,Festival,2025-10-15,2025-10-27,36359,84777,11093,1180,64630.45,77.76
CMP00109,F033,Weekend Pizza Deal,Social Media,2026-04-18,2026-05-01,27780,84012,8968,814,61475.25,121.29
CMP00110,F020,Student Meal Offer,Loyalty,2025-09-13,2025-09-21,56931,67946,1434,766,159056.5,179.38
CMP00111,F045,Family Feast Weekend,Local Promotion,2026-03-16,2026-04-01,24845,91808,13628,595,73457.68,195.66
CMP00112,F049,Family Feast Weekend,Loyalty,2026-02-13,2026-02-20,31628,78103,12147,692,30512.14,-3.53
CMP00113,F019,New Menu Launch,Festival,2025-11-29,2025-12-20,43848,85518,7104,441,199243.16,354.4
CMP00114,F049,Lunch Combo Campaign,Loyalty,2026-01-13,2026-02-02,32770,95885,5117,635,31238.21,-4.67
CMP00115,F032,Lunch Combo Campaign,Social Media,2026-06-06,2026-06-15,51002,73011,6631,1167,166528.32,226.51
CMP00116,F049,Family Meal Combo,Social Media,2025-12-03,2025-12-12,63037,115468,12734,392,190870.29,202.79
CMP00117,F016,New Menu Launch,Social Media,2026-01-27,2026-02-08,50832,21083,949,153,84177.59,65.6
CMP00118,F009,Weekend Pizza Deal,Local Promotion,2026-08-09,2026-08-25,39920,94360,1755,886,148365.34,271.66
CMP00119,F047,Weekend Pizza Deal,Loyalty,2026-05-23,2026-05-28,30885,112991,9228,307,77324.33,150.36
CMP00120,F034,Weekend Pizza Deal,Loyalty,2026-07-28,2026-08-04,58710,55310,6167,571,143222.06,143.95
CMP00121,F042,Monsoon Food Festival,Loyalty,2025-12-17,2025-12-20,27800,97047,17813,392,76291.5,174.43
CMP00122,F001,Family Feast Weekend,Local Promotion,2025-09-14,2025-10-02,26632,43033,8267,1798,72593.32,172.58
CMP00123,F011,Family Feast Weekend,Local Promotion,2026-08-19,2026-08-24,34677,24010,2939,1220,77788.55,124.32
CMP00124,F003,Weekend Biryani Offer,Loyalty,2025-11-20,2025-12-03,18488,15907,1797,1209,86878.01,369.92
CMP00125,F013,Weekend Pizza Deal,Search,2026-04-17,2026-04-25,63296,44848,2702,1907,124627.5,96.9
CMP00126,F034,Lunch Combo Campaign,Festival,2026-04-17,2026-04-27,60616,83932,11508,319,88571.38,46.12
CMP00127,F011,New Menu Launch,Social Media,2025-09-24,2025-10-03,11260,96325,2830,1542,41663.66,270.01
CMP00128,F008,Chef Special Promotion,Loyalty,2025-09-29,2025-10-02,61203,70156,13017,1871,94338.23,54.14
CMP00129,F047,Monsoon Food Festival,Festival,2026-06-17,2026-07-04,64552,40553,7069,1236,233515.08,261.75
CMP00130,F005,Family Feast Weekend,Festival,2026-04-01,2026-04-11,34968,147698,11348,373,142013.74,306.12
CMP00131,F034,Festive Dinner Promotion,Local Promotion,2026-04-05,2026-04-24,68603,139986,12599,1399,327234.98,377.0
CMP00132,F020,Delivery Special,Search,2026-04-25,2026-05-06,28071,129654,21425,1177,98013.65,249.16
CMP00133,F045,Chef Special Promotion,Festival,2026-08-24,2026-08-29,40074,74348,8422,625,57000.08,42.24
CMP00134,F048,Family Meal Combo,Loyalty,2026-07-31,2026-08-12,52262,90811,3492,1826,87983.16,68.35
CMP00135,F030,Student Meal Offer,Search,2026-01-20,2026-02-07,31755,108923,20422,1664,126819.24,299.37
CMP00136,F011,Festive Dinner Promotion,Loyalty,2025-09-19,2025-09-24,70755,96874,16595,1800,123350.1,74.33
CMP00137,F021,New Menu Launch,Social Media,2025-11-09,2025-11-28,14478,136390,3702,921,49080.98,239.0
CMP00138,F031,Monsoon Food Festival,Local Promotion,2025-10-19,2025-11-04,31923,146582,14339,1514,97590.06,205.7
CMP00139,F004,Student Meal Offer,Festival,2025-12-22,2025-12-30,71746,5266,639,624,217226.44,202.77
CMP00140,F026,Loyalty Customer Offer,Social Media,2025-12-27,2026-01-14,32586,35603,6113,1079,152908.21,369.25
CMP00141,F034,Student Meal Offer,Social Media,2026-02-22,2026-03-07,50153,60841,9842,253,45897.09,-8.49
CMP00142,F015,Weekend Biryani Offer,Loyalty,2025-12-26,2026-01-04,17744,39463,6144,754,42722.44,140.77
CMP00143,F013,Weekend Biryani Offer,Loyalty,2025-10-03,2025-10-22,60447,8661,1285,730,112815.77,86.64
CMP00144,F039,Lunch Combo Campaign,Festival,2026-04-18,2026-05-06,38989,139849,26612,778,93262.23,139.2
CMP00145,F019,Chef Special Promotion,Local Promotion,2026-02-13,2026-02-28,67249,146519,3907,629,231440.97,244.16
CMP00146,F049,Student Meal Offer,Social Media,2025-11-17,2025-11-28,17354,144932,17556,1174,33796.6,94.75
CMP00147,F015,Weekend Biryani Offer,Search,2026-03-24,2026-04-02,57258,38968,4716,1499,247530.73,332.31
CMP00148,F049,New Menu Launch,Loyalty,2026-05-22,2026-05-31,67653,127686,14573,620,194251.41,187.13
CMP00149,F007,Family Feast Weekend,Local Promotion,2026-07-24,2026-08-05,37923,45710,5010,605,63895.48,68.49
CMP00150,F036,Family Feast Weekend,Search,2025-12-25,2026-01-14,57416,54663,1789,581,106779.97,85.98
CMP00151,F018,New Menu Launch,Search,2026-07-06,2026-07-15,52741,50905,6691,522,180690.18,242.6
CMP00152,F046,Family Feast Weekend,Local Promotion,2025-12-10,2025-12-13,19434,117246,11977,117,56709.33,191.8
CMP00153,F043,Family Feast Weekend,Loyalty,2026-03-19,2026-03-24,68661,34404,2257,1987,124189.49,80.87
CMP00154,F022,Lunch Combo Campaign,Social Media,2026-03-13,2026-03-19,72063,53234,3821,163,230287.5,219.56
CMP00155,F046,Monsoon Food Festival,Social Media,2025-11-13,2025-11-30,44361,10768,875,656,83483.24,88.19
CMP00156,F012,Chef Special Promotion,Social Media,2025-11-27,2025-12-12,15149,20829,2243,569,70988.68,368.6
CMP00157,F026,Family Feast Weekend,Social Media,2026-05-09,2026-05-20,34310,71424,11117,1829,81978.53,138.93
CMP00158,F040,Festive Dinner Promotion,Local Promotion,2025-09-04,2025-09-14,73537,147990,8319,817,253861.08,245.22
CMP00159,F019,Family Meal Combo,Loyalty,2025-12-13,2026-01-03,31686,75043,1919,441,150088.17,373.67
CMP00160,F008,Family Feast Weekend,Loyalty,2025-10-01,2025-10-22,49542,38689,705,334,87783.79,77.19
CMP00161,F023,Loyalty Customer Offer,Local Promotion,2026-02-14,2026-02-18,20101,22032,3287,1475,25504.84,26.88
CMP00162,F012,Lunch Combo Campaign,Social Media,2026-01-06,2026-01-10,73703,79447,5450,1429,98602.21,33.78
CMP00163,F050,Chef Special Promotion,Festival,2026-01-05,2026-01-16,30562,79377,8515,1609,104045.42,240.44
CMP00164,F041,Weekend Pizza Deal,Loyalty,2025-12-09,2025-12-29,35412,18322,2743,1923,167470.39,372.92
CMP00165,F001,Weekend Pizza Deal,Festival,2025-10-05,2025-10-15,59619,73025,3013,1797,114315.81,91.74
CMP00166,F011,New Menu Launch,Social Media,2026-02-08,2026-02-24,31265,147471,27138,1635,139449.66,346.02
CMP00167,F005,Lunch Combo Campaign,Loyalty,2026-02-22,2026-02-25,56687,82844,13458,1305,114448.86,101.9
CMP00168,F004,Family Feast Weekend,Social Media,2025-09-29,2025-10-12,33507,11331,1367,1182,115744.6,245.43
CMP00169,F005,Loyalty Customer Offer,Search,2025-10-23,2025-10-30,10487,133173,15672,348,13461.47,28.36
CMP00170,F029,Family Feast Weekend,Festival,2026-05-14,2026-05-18,22228,141255,13978,761,30597.97,37.66
CMP00171,F032,Delivery Special,Loyalty,2026-06-10,2026-06-29,14849,18665,1288,101,12096.92,-18.53
CMP00172,F009,Chef Special Promotion,Festival,2025-12-08,2025-12-14,74150,56755,9213,551,308111.38,315.52
CMP00173,F015,Festive Dinner Promotion,Loyalty,2025-09-28,2025-10-16,22182,87278,12384,1969,29995.7,35.23
CMP00174,F035,Festive Dinner Promotion,Local Promotion,2025-10-23,2025-11-04,52496,142580,17486,1359,110676.01,110.83
CMP00175,F045,New Menu Launch,Loyalty,2026-03-17,2026-03-23,51768,105444,15522,195,189626.07,266.3
CMP00176,F006,Delivery Special,Search,2025-10-18,2025-10-30,62321,115650,7939,430,294314.98,372.26
CMP00177,F030,Festive Dinner Promotion,Local Promotion,2025-11-10,2025-11-23,49525,127650,6554,376,148042.43,198.92
CMP00178,F021,Weekend Pizza Deal,Social Media,2026-07-10,2026-07-27,44938,44444,6455,1394,112730.06,150.86
CMP00179,F044,Weekend Pizza Deal,Festival,2025-11-02,2025-11-11,15526,105522,6882,1463,55555.82,257.82
CMP00180,F021,Student Meal Offer,Loyalty,2026-02-02,2026-02-06,11966,136589,13961,172,32199.44,169.09
CMP00181,F027,Delivery Special,Festival,2026-02-03,2026-02-07,43757,79419,11540,461,76964.91,75.89
CMP00182,F008,Festive Dinner Promotion,Social Media,2026-03-30,2026-04-10,71611,35160,2397,106,106104.56,48.17
CMP00183,F037,Loyalty Customer Offer,Loyalty,2026-01-11,2026-01-25,36077,59124,5724,1728,53238.17,47.57
CMP00184,F009,Delivery Special,Festival,2026-08-20,2026-08-25,32829,121664,10128,806,71992.22,119.29
CMP00185,F024,Festive Dinner Promotion,Loyalty,2025-09-06,2025-09-14,49517,45014,6668,1620,195899.89,295.62
CMP00186,F012,Weekend Biryani Offer,Search,2026-02-05,2026-02-10,50442,142385,7021,1406,206065.4,308.52
CMP00187,F025,Student Meal Offer,Local Promotion,2026-02-11,2026-02-25,38604,122341,6997,557,178063.24,361.26
CMP00188,F020,Monsoon Food Festival,Loyalty,2026-03-10,2026-03-28,34637,63967,3897,1033,117888.5,240.35
CMP00189,F007,Student Meal Offer,Loyalty,2026-03-22,2026-04-01,60875,115085,14036,1682,187254.63,207.61
CMP00190,F034,Lunch Combo Campaign,Local Promotion,2025-10-21,2025-11-06,12980,28673,781,565,55225.2,325.46
CMP00191,F004,Weekend Biryani Offer,Local Promotion,2026-07-18,2026-07-24,46318,55136,7948,1005,32780.42,-29.23
CMP00192,F028,Loyalty Customer Offer,Social Media,2025-10-19,2025-11-05,38682,44956,3648,842,153285.28,296.27
CMP00193,F002,Delivery Special,Festival,2025-10-25,2025-11-14,36098,46659,5525,1571,145892.74,304.16
CMP00194,F016,New Menu Launch,Local Promotion,2025-11-21,2025-12-06,56468,23352,1822,1710,63900.49,13.16
CMP00195,F007,Weekend Biryani Offer,Social Media,2026-05-14,2026-05-25,29053,99482,13134,547,47154.39,62.3
CMP00196,F002,Delivery Special,Local Promotion,2025-12-16,2025-12-26,49202,107512,10573,1114,194741.89,295.8
CMP00197,F002,Monsoon Food Festival,Loyalty,2025-10-24,2025-10-28,27284,137868,21778,1220,50549.23,85.27
CMP00198,F026,Student Meal Offer,Local Promotion,2025-12-24,2026-01-06,42080,66980,9349,314,164467.61,290.85
CMP00199,F004,Family Feast Weekend,Local Promotion,2026-08-10,2026-08-30,22478,106050,15463,114,31987.64,42.31
CMP00200,F020,Monsoon Food Festival,Loyalty,2025-11-10,2025-11-26,23557,20788,640,390,42144.43,78.9
CMP00201,F046,Lunch Combo Campaign,Search,2025-12-06,2025-12-18,14189,15812,1940,942,11619.32,-18.11
CMP00202,F028,Weekend Biryani Offer,Loyalty,2025-10-05,2025-10-20,73119,14731,2599,1952,114206.13,56.19
CMP00203,F003,Monsoon Food Festival,Loyalty,2026-04-06,2026-04-24,30286,35364,1056,133,36886.17,21.79
CMP00204,F026,Festive Dinner Promotion,Search,2026-02-16,2026-03-08,55910,9216,383,247,118002.0,111.06
CMP00205,F007,Chef Special Promotion,Social Media,2025-11-17,2025-11-30,41665,11636,907,30,151583.78,263.82
CMP00206,F015,Family Meal Combo,Loyalty,2025-12-02,2025-12-10,17681,113118,22439,1631,35913.83,103.12
CMP00207,F004,Family Feast Weekend,Local Promotion,2025-12-07,2025-12-10,19568,142983,27737,27,14689.84,-24.93
CMP00208,F015,Family Meal Combo,Loyalty,2026-01-18,2026-02-03,52208,129256,3926,162,89737.99,71.89
CMP00209,F035,Family Feast Weekend,Loyalty,2026-01-07,2026-01-23,50043,7012,231,198,233727.11,367.05
CMP00210,F020,Loyalty Customer Offer,Loyalty,2025-10-29,2025-11-01,38513,62845,2780,548,45728.29,18.73
CMP00211,F039,Student Meal Offer,Search,2026-07-19,2026-08-05,54592,94693,17591,650,58188.83,6.59
CMP00212,F006,Loyalty Customer Offer,Search,2026-06-17,2026-07-07,58932,140812,6194,880,260842.67,342.62
CMP00213,F037,Weekend Pizza Deal,Loyalty,2026-08-15,2026-08-30,21446,95322,1028,868,42458.27,97.98
CMP00214,F007,Chef Special Promotion,Social Media,2025-09-17,2025-10-05,26582,51049,9694,1970,37836.61,42.34
CMP00215,F042,Weekend Pizza Deal,Loyalty,2026-05-09,2026-05-29,50876,134823,18806,482,241022.41,373.74
CMP00216,F013,Family Meal Combo,Search,2026-07-19,2026-08-01,38767,145034,12020,509,94843.56,144.65
CMP00217,F045,Loyalty Customer Offer,Loyalty,2025-12-14,2025-12-18,46303,108942,19509,1238,180060.56,288.87
CMP00218,F005,Chef Special Promotion,Local Promotion,2026-01-12,2026-01-30,44218,92258,7284,1786,163079.22,268.81
CMP00219,F022,Weekend Pizza Deal,Loyalty,2026-06-18,2026-07-08,17496,140788,10566,1421,56264.93,221.59
CMP00220,F027,Family Feast Weekend,Social Media,2025-12-16,2025-12-21,29180,91401,11355,1167,58164.09,99.33
CMP00221,F009,Family Feast Weekend,Festival,2026-04-26,2026-04-29,51527,109188,4690,1717,189994.75,268.73
CMP00222,F031,Family Meal Combo,Search,2025-11-13,2025-11-26,67428,138962,5548,911,249799.47,270.47
CMP00223,F043,Weekend Pizza Deal,Search,2026-02-01,2026-02-12,72737,56792,10245,1967,143429.48,97.19
CMP00224,F019,Student Meal Offer,Loyalty,2025-10-18,2025-11-07,53554,117483,1641,424,220762.74,312.22
CMP00225,F035,Monsoon Food Festival,Loyalty,2026-07-20,2026-08-10,50598,31528,4556,1084,80374.81,58.85
CMP00226,F013,Weekend Biryani Offer,Local Promotion,2026-07-02,2026-07-16,41858,57081,6304,105,95714.6,128.67
CMP00227,F028,Student Meal Offer,Loyalty,2026-07-05,2026-07-26,50100,139436,8869,399,157258.22,213.89
CMP00228,F048,Family Feast Weekend,Search,2025-10-26,2025-11-09,59043,76810,12232,395,248755.0,321.31
CMP00229,F039,Delivery Special,Festival,2026-06-25,2026-07-04,44582,95856,6325,1955,196945.7,341.76
CMP00230,F027,Lunch Combo Campaign,Social Media,2025-10-15,2025-10-18,29246,64837,8720,1850,113511.71,288.13
CMP00231,F017,Delivery Special,Festival,2025-12-13,2026-01-03,33456,107023,797,780,131945.75,294.39
CMP00232,F028,Weekend Biryani Offer,Festival,2026-01-29,2026-02-08,17334,97121,12540,1068,40201.62,131.92
CMP00233,F019,Lunch Combo Campaign,Social Media,2026-01-04,2026-01-11,37725,28709,4998,543,161332.52,327.65
CMP00234,F004,Monsoon Food Festival,Loyalty,2025-10-04,2025-10-24,57314,91875,17917,1946,207803.41,262.57
CMP00235,F044,Student Meal Offer,Local Promotion,2025-11-19,2025-12-08,43096,31230,5027,725,69911.2,62.22
CMP00236,F002,Family Meal Combo,Festival,2025-11-22,2025-12-07,49436,95154,12372,502,221646.86,348.35
CMP00237,F027,Family Meal Combo,Loyalty,2026-06-13,2026-06-21,29852,65356,10147,1517,57910.39,93.99
CMP00238,F024,Festive Dinner Promotion,Loyalty,2026-08-26,2026-09-11,65607,14451,2755,777,122292.47,86.4
CMP00239,F024,Student Meal Offer,Social Media,2025-09-27,2025-10-04,19460,139606,25354,192,88083.35,352.64
CMP00240,F027,Delivery Special,Festival,2025-10-10,2025-10-26,69101,113386,13278,463,149521.8,116.38
CMP00241,F036,Loyalty Customer Offer,Search,2026-08-27,2026-09-09,30425,11623,763,58,130763.66,329.79
CMP00242,F004,Family Meal Combo,Loyalty,2026-01-25,2026-02-02,70308,27098,3690,1757,249815.15,255.32
CMP00243,F023,New Menu Launch,Loyalty,2026-02-19,2026-02-24,67228,40024,3114,1908,277377.04,312.59
CMP00244,F013,Loyalty Customer Offer,Local Promotion,2025-10-27,2025-11-12,48406,92648,7837,1738,42979.57,-11.21
CMP00245,F040,Family Feast Weekend,Social Media,2025-09-01,2025-09-13,19798,18686,2427,880,27729.61,40.06
CMP00246,F047,Loyalty Customer Offer,Loyalty,2025-10-17,2025-10-29,27055,71381,10918,461,99844.76,269.04
CMP00247,F012,Family Meal Combo,Local Promotion,2026-07-10,2026-07-13,62777,54523,2743,263,135388.97,115.67
CMP00248,F001,Weekend Pizza Deal,Loyalty,2025-11-05,2025-11-08,47851,135808,3898,369,146124.46,205.37
CMP00249,F038,Festive Dinner Promotion,Social Media,2025-10-10,2025-10-22,71409,89020,2810,1467,248856.18,248.49
CMP00250,F011,Weekend Biryani Offer,Local Promotion,2025-09-21,2025-10-05,16703,125645,12702,685,68621.77,310.83
CMP00251,F014,Student Meal Offer,Loyalty,2026-03-21,2026-03-30,51476,5200,534,301,70117.75,36.21
CMP00252,F012,Family Feast Weekend,Loyalty,2026-06-03,2026-06-18,66504,86156,7220,1372,170084.38,155.75
CMP00253,F039,New Menu Launch,Festival,2026-04-13,2026-04-26,31667,143560,8381,1256,132921.69,319.75
CMP00254,F016,Delivery Special,Search,2026-03-12,2026-03-29,55527,28841,398,237,114106.08,105.5
CMP00255,F006,Chef Special Promotion,Loyalty,2025-09-15,2025-09-23,22311,43856,4165,569,99560.99,346.24
CMP00256,F025,Family Feast Weekend,Loyalty,2025-12-12,2025-12-18,31895,137275,8199,1128,44674.82,40.07
CMP00257,F026,Loyalty Customer Offer,Loyalty,2025-09-13,2025-09-26,66451,19054,1251,937,132059.1,98.73
CMP00258,F034,Festive Dinner Promotion,Festival,2025-10-12,2025-11-02,18221,102559,19135,1599,60371.25,231.33
CMP00259,F044,Weekend Biryani Offer,Social Media,2026-05-23,2026-05-28,42962,5335,301,186,146300.32,240.53
CMP00260,F011,Monsoon Food Festival,Loyalty,2026-01-17,2026-02-03,71274,95639,3843,1518,227051.19,218.56
CMP00261,F005,New Menu Launch,Social Media,2025-12-16,2026-01-03,46024,92179,7335,1565,46763.62,1.61
CMP00262,F017,Weekend Biryani Offer,Local Promotion,2026-07-26,2026-08-13,60802,90433,16821,1871,243865.91,301.08
CMP00263,F016,Family Feast Weekend,Social Media,2026-03-11,2026-03-29,69499,45003,5614,106,303630.9,336.89
CMP00264,F012,Weekend Pizza Deal,Search,2026-06-05,2026-06-23,73071,25314,3369,1070,349507.87,378.31
CMP00265,F002,Lunch Combo Campaign,Festival,2025-12-21,2026-01-11,16173,115140,6834,1415,67689.12,318.53
CMP00266,F030,Weekend Pizza Deal,Social Media,2026-02-03,2026-02-11,18678,83960,3831,810,36317.92,94.44
CMP00267,F017,Family Meal Combo,Social Media,2026-08-26,2026-09-10,15067,65330,8788,1944,21504.89,42.73
CMP00268,F018,Lunch Combo Campaign,Local Promotion,2026-07-01,2026-07-18,31026,128811,7958,565,106818.6,244.29
CMP00269,F035,Loyalty Customer Offer,Local Promotion,2025-12-07,2025-12-21,65258,45795,3534,1071,202458.67,210.24
CMP00270,F036,Student Meal Offer,Festival,2026-05-10,2026-05-28,10638,15982,355,140,18320.95,72.22
CMP00271,F032,Family Meal Combo,Social Media,2026-01-03,2026-01-19,55475,32743,5382,1435,126469.26,127.98
CMP00272,F015,Lunch Combo Campaign,Social Media,2026-07-14,2026-07-19,15974,21691,1882,483,30499.29,90.93
CMP00273,F050,Delivery Special,Search,2026-01-07,2026-01-27,32363,114486,17219,1656,117368.34,262.66
CMP00274,F010,Student Meal Offer,Local Promotion,2025-12-12,2025-12-20,18295,21901,692,229,31288.74,71.02
CMP00275,F011,Lunch Combo Campaign,Local Promotion,2025-10-06,2025-10-19,48394,35052,2480,177,193176.02,299.17
CMP00276,F020,Student Meal Offer,Local Promotion,2026-08-02,2026-08-06,54765,95666,18841,1418,80400.32,46.81
CMP00277,F030,Chef Special Promotion,Social Media,2025-12-03,2025-12-10,35771,76981,5914,939,89581.9,150.43
CMP00278,F038,Weekend Pizza Deal,Search,2026-07-09,2026-07-27,63503,118057,8401,2000,94867.13,49.39
CMP00279,F018,Weekend Pizza Deal,Loyalty,2026-05-28,2026-06-10,48213,99500,3298,1059,155733.71,223.01
CMP00280,F039,Student Meal Offer,Loyalty,2025-09-04,2025-09-09,39439,143036,3881,1133,130752.17,231.53
CMP00281,F050,New Menu Launch,Festival,2026-08-20,2026-09-03,23924,35560,2499,127,87378.99,265.24
CMP00282,F045,Delivery Special,Festival,2025-10-12,2025-10-21,32531,57093,5153,57,46684.95,43.51
CMP00283,F044,Delivery Special,Search,2026-03-10,2026-03-29,16861,15861,732,362,76372.19,352.95
CMP00284,F033,Family Meal Combo,Loyalty,2026-07-19,2026-08-09,66078,133394,21882,1305,62185.25,-5.89
CMP00285,F049,New Menu Launch,Local Promotion,2025-11-06,2025-11-26,23859,14549,776,747,93715.98,292.79
CMP00286,F014,Family Feast Weekend,Festival,2026-05-30,2026-06-09,12475,105285,11422,330,25023.5,100.59
CMP00287,F015,Student Meal Offer,Festival,2026-01-27,2026-02-12,28117,50127,4506,1408,117653.72,318.44
CMP00288,F001,Lunch Combo Campaign,Social Media,2026-07-21,2026-08-05,72345,80046,13422,1624,120565.33,66.65
CMP00289,F027,Weekend Pizza Deal,Social Media,2026-03-29,2026-04-12,43677,73490,5178,1386,120527.26,175.95
CMP00290,F012,Festive Dinner Promotion,Search,2025-12-16,2026-01-05,28915,55577,1245,122,104935.23,262.91
CMP00291,F012,Festive Dinner Promotion,Local Promotion,2026-02-14,2026-02-20,27607,114916,14463,1565,36358.41,31.7
CMP00292,F014,Chef Special Promotion,Loyalty,2026-03-20,2026-03-23,72675,32341,652,612,303389.66,317.46
CMP00293,F049,Student Meal Offer,Festival,2026-05-01,2026-05-19,47373,17160,989,278,167035.29,252.6
CMP00294,F047,Festive Dinner Promotion,Festival,2026-07-07,2026-07-27,33576,22493,3694,601,36412.72,8.45
CMP00295,F039,Family Feast Weekend,Local Promotion,2026-07-16,2026-08-06,31065,61047,860,52,102629.11,230.37
CMP00296,F004,Family Feast Weekend,Social Media,2026-07-25,2026-08-09,38223,88673,5278,1452,175686.29,359.64
CMP00297,F017,Chef Special Promotion,Local Promotion,2026-04-30,2026-05-10,51985,23280,1534,121,97375.93,87.32
CMP00298,F022,Weekend Pizza Deal,Social Media,2025-11-16,2025-12-02,37101,90890,15361,1602,169570.75,357.05
CMP00299,F039,Monsoon Food Festival,Festival,2025-10-23,2025-11-05,61186,65838,4631,1023,94436.01,54.34
CMP00300,F014,Chef Special Promotion,Search,2026-04-16,2026-04-23,41279,131983,4098,105,64509.61,56.28
CMP00301,F003,Family Feast Weekend,Local Promotion,2026-07-31,2026-08-15,31986,43612,1113,236,53631.98,67.67
CMP00302,F025,Family Meal Combo,Social Media,2026-06-04,2026-06-09,30149,115234,19301,98,137571.82,356.31
CMP00303,F037,Delivery Special,Local Promotion,2026-07-25,2026-08-09,44077,145894,16256,1531,32955.68,-25.23
CMP00304,F014,Delivery Special,Festival,2026-04-24,2026-05-06,55663,39431,2087,196,92323.36,65.86
CMP00305,F050,Chef Special Promotion,Social Media,2026-06-18,2026-07-01,19810,78894,11232,851,84470.13,326.4
CMP00306,F036,Lunch Combo Campaign,Festival,2026-02-26,2026-03-04,56618,136169,19895,1018,49485.09,-12.6
CMP00307,F021,Delivery Special,Local Promotion,2025-12-25,2026-01-09,67616,107856,9334,812,313340.25,363.41
CMP00308,F044,Festive Dinner Promotion,Social Media,2026-04-22,2026-05-01,19854,126192,4838,810,14007.81,-29.45
CMP00309,F026,Weekend Biryani Offer,Local Promotion,2026-06-18,2026-06-24,47986,103389,18180,199,75709.94,57.78
CMP00310,F030,Loyalty Customer Offer,Search,2026-08-20,2026-09-02,32583,110263,10703,232,119207.11,265.86
CMP00311,F016,Weekend Pizza Deal,Festival,2025-09-13,2025-09-26,28369,105191,17211,1658,113640.68,300.58
CMP00312,F025,Monsoon Food Festival,Social Media,2026-04-06,2026-04-27,25787,112732,14600,1584,62045.73,140.61
CMP00313,F047,Chef Special Promotion,Search,2026-08-10,2026-08-17,44941,53128,3707,1289,75033.3,66.96
CMP00314,F034,New Menu Launch,Local Promotion,2026-03-06,2026-03-12,17769,74692,5074,275,40440.27,127.59
CMP00315,F042,Lunch Combo Campaign,Search,2026-04-12,2026-04-30,15785,28267,211,172,49378.12,212.82
CMP00316,F039,Loyalty Customer Offer,Local Promotion,2026-06-10,2026-06-21,49649,143506,15344,1770,119379.02,140.45
CMP00317,F017,Family Feast Weekend,Festival,2026-06-16,2026-06-20,70032,73285,13628,1629,258562.77,269.21
CMP00318,F044,Lunch Combo Campaign,Loyalty,2026-06-09,2026-06-17,25312,67532,13067,1323,63988.49,152.8
CMP00319,F017,Festive Dinner Promotion,Loyalty,2026-02-24,2026-03-03,71596,11438,755,603,73076.41,2.07
CMP00320,F043,Family Feast Weekend,Search,2026-05-16,2026-06-05,35256,51074,845,506,49949.34,41.68
CMP00321,F046,Chef Special Promotion,Social Media,2026-02-27,2026-03-16,13912,23740,2367,876,24673.04,77.35
CMP00322,F025,New Menu Launch,Loyalty,2026-05-14,2026-05-20,32237,122459,23420,258,150289.43,366.2
CMP00323,F019,Festive Dinner Promotion,Festival,2025-10-26,2025-10-31,48683,7177,557,284,219993.56,351.89
CMP00324,F044,Festive Dinner Promotion,Festival,2026-08-18,2026-08-25,36608,109114,2653,1929,57045.8,55.83
CMP00325,F043,Lunch Combo Campaign,Search,2026-01-10,2026-01-31,34714,29742,4953,940,39816.28,14.7
CMP00326,F041,Chef Special Promotion,Local Promotion,2026-07-18,2026-07-31,56019,75296,10652,1571,229275.86,309.28
CMP00327,F008,Lunch Combo Campaign,Local Promotion,2026-06-09,2026-06-17,48756,118382,12852,357,35748.32,-26.68
CMP00328,F017,Student Meal Offer,Loyalty,2025-09-04,2025-09-07,32148,85257,4343,1157,50498.61,57.08
CMP00329,F049,Family Feast Weekend,Social Media,2025-12-23,2026-01-12,60046,44440,4303,1869,144306.01,140.33
CMP00330,F003,Delivery Special,Loyalty,2025-11-19,2025-11-22,65747,112430,5087,1014,61451.7,-6.53
CMP00331,F008,Family Feast Weekend,Loyalty,2026-05-23,2026-06-12,49857,132670,13520,638,138203.03,177.2
CMP00332,F027,Festive Dinner Promotion,Loyalty,2026-04-13,2026-04-26,57731,133440,6690,766,230953.6,300.05
CMP00333,F011,Festive Dinner Promotion,Search,2025-11-19,2025-11-30,68362,123606,11117,1650,64920.45,-5.03
CMP00334,F034,Family Meal Combo,Loyalty,2026-04-12,2026-04-26,56896,17392,869,407,135773.63,138.63
CMP00335,F009,Loyalty Customer Offer,Search,2026-03-19,2026-03-23,15008,136673,11449,1590,57464.92,282.9
CMP00336,F035,Festive Dinner Promotion,Loyalty,2025-12-26,2026-01-11,54833,129626,10027,151,114019.21,107.94
CMP00337,F042,Festive Dinner Promotion,Social Media,2026-02-19,2026-03-11,38198,95261,11865,387,30915.96,-19.06
CMP00338,F019,Lunch Combo Campaign,Loyalty,2026-07-19,2026-08-04,73902,32649,3958,129,130993.48,77.25
CMP00339,F044,Student Meal Offer,Festival,2026-01-09,2026-01-18,48426,53616,8525,226,55680.94,14.98
CMP00340,F030,Family Feast Weekend,Festival,2026-02-17,2026-03-09,52209,120153,7979,758,207000.35,296.48
CMP00341,F046,New Menu Launch,Festival,2025-12-15,2025-12-31,17727,114886,7174,860,14457.31,-18.44
CMP00342,F035,Loyalty Customer Offer,Search,2025-10-04,2025-10-23,44268,119158,11000,1611,43856.59,-0.93
CMP00343,F015,New Menu Launch,Loyalty,2025-12-28,2026-01-08,50123,21249,470,219,179973.53,259.06
CMP00344,F042,Family Meal Combo,Local Promotion,2026-05-16,2026-05-30,19007,15628,2135,1455,38222.88,101.1
CMP00345,F025,New Menu Launch,Festival,2025-12-26,2026-01-13,44614,97595,17305,1308,87056.04,95.13
CMP00346,F001,Family Meal Combo,Search,2026-06-18,2026-06-22,13865,112352,18942,1707,53065.6,282.73
CMP00347,F048,Loyalty Customer Offer,Local Promotion,2026-04-22,2026-04-29,32576,105825,974,320,65954.52,102.46
CMP00348,F032,Family Meal Combo,Search,2026-01-27,2026-02-14,62744,120391,17829,649,134328.01,114.09
CMP00349,F009,Loyalty Customer Offer,Loyalty,2025-10-04,2025-10-16,38728,114732,22053,1925,175556.62,353.31
CMP00350,F012,Family Meal Combo,Local Promotion,2025-12-09,2025-12-15,12670,30616,5671,188,60271.43,375.7
CMP00351,F026,Family Feast Weekend,Local Promotion,2025-10-13,2025-10-16,13359,33158,1379,235,37993.64,184.4
CMP00352,F009,Weekend Biryani Offer,Search,2025-12-30,2026-01-08,57538,142566,2844,1024,74076.84,28.74
CMP00353,F024,Monsoon Food Festival,Festival,2026-05-07,2026-05-16,43190,25262,1735,1255,129855.42,200.66
CMP00354,F012,Weekend Pizza Deal,Loyalty,2025-12-15,2025-12-30,71303,25753,3810,1722,166276.92,133.2
CMP00355,F004,New Menu Launch,Local Promotion,2026-06-13,2026-06-26,29841,132594,5404,995,60794.41,103.73
CMP00356,F032,Family Meal Combo,Local Promotion,2026-06-06,2026-06-11,13346,12682,289,23,25857.54,93.75
CMP00357,F017,Monsoon Food Festival,Social Media,2026-01-21,2026-02-04,10032,14462,2038,1747,21114.27,110.47
CMP00358,F044,Student Meal Offer,Search,2026-07-03,2026-07-07,55121,127467,7726,447,118219.81,114.47
CMP00359,F032,Monsoon Food Festival,Festival,2025-12-06,2025-12-18,73469,68423,11855,261,173974.51,136.8
CMP00360,F037,Lunch Combo Campaign,Local Promotion,2025-11-06,2025-11-12,44133,42604,5778,1463,208025.82,371.36
CMP00361,F015,New Menu Launch,Search,2026-08-09,2026-08-22,44623,124161,2806,1362,148016.34,231.7
CMP00362,F022,Festive Dinner Promotion,Search,2026-04-17,2026-05-01,62835,34525,5135,522,176908.05,181.54
CMP00363,F023,Family Feast Weekend,Festival,2026-04-19,2026-04-29,74994,19051,1747,155,187467.34,149.98
CMP00364,F019,New Menu Launch,Social Media,2026-03-01,2026-03-13,31560,129826,23829,632,52038.69,64.89
CMP00365,F049,Monsoon Food Festival,Social Media,2025-09-30,2025-10-03,73160,127441,20568,681,314777.08,330.26
CMP00366,F011,Family Feast Weekend,Search,2025-10-29,2025-11-13,44527,96538,12798,159,131343.82,194.98
CMP00367,F015,Family Meal Combo,Local Promotion,2026-02-01,2026-02-13,71202,44301,1054,434,201292.47,182.71
CMP00368,F038,Weekend Pizza Deal,Search,2026-01-09,2026-01-28,70291,6958,838,818,249842.17,255.44
CMP00369,F017,Weekend Pizza Deal,Social Media,2026-07-05,2026-07-23,12740,50186,2310,341,43378.98,240.49
CMP00370,F006,Family Meal Combo,Local Promotion,2026-06-09,2026-06-25,12795,56280,4718,1883,26127.98,104.2
CMP00371,F048,Weekend Pizza Deal,Search,2025-12-10,2025-12-21,50353,78679,7572,270,237701.29,372.07
CMP00372,F033,Family Feast Weekend,Search,2026-07-19,2026-07-28,65314,136976,6572,118,75586.52,15.73
CMP00373,F001,Student Meal Offer,Search,2025-09-13,2025-09-25,41879,52036,9419,130,152805.87,264.87
CMP00374,F017,Weekend Pizza Deal,Loyalty,2026-03-17,2026-04-03,19358,64818,4578,66,77327.43,299.46
CMP00375,F031,New Menu Launch,Local Promotion,2025-11-20,2025-12-11,37388,133310,10017,1834,74647.94,99.66
CMP00376,F002,Weekend Biryani Offer,Local Promotion,2026-05-23,2026-06-07,41848,126465,15878,688,162807.84,289.05
CMP00377,F026,Family Meal Combo,Social Media,2025-11-22,2025-12-13,66823,91334,17034,837,103750.87,55.26
CMP00378,F005,Chef Special Promotion,Local Promotion,2026-03-25,2026-04-13,31020,61208,9211,1983,114291.39,268.44
CMP00379,F035,Weekend Pizza Deal,Search,2026-03-03,2026-03-06,36169,117804,9580,480,46279.55,27.95
CMP00380,F013,Family Meal Combo,Social Media,2026-05-19,2026-05-25,16090,50841,8658,533,12206.14,-24.14
CMP00381,F011,Weekend Biryani Offer,Search,2025-10-09,2025-10-27,11442,78224,10026,1343,45127.72,294.4
CMP00382,F033,Festive Dinner Promotion,Loyalty,2026-07-25,2026-07-30,64376,38123,5383,1379,58100.77,-9.75
CMP00383,F004,Family Meal Combo,Social Media,2026-01-03,2026-01-19,13649,87879,5509,424,46588.12,241.33
CMP00384,F031,Weekend Biryani Offer,Search,2026-02-04,2026-02-16,12161,119318,8542,1017,45009.66,270.11
CMP00385,F025,Lunch Combo Campaign,Social Media,2025-09-16,2025-10-03,33303,33912,6086,127,150036.41,350.52
CMP00386,F019,Festive Dinner Promotion,Social Media,2026-08-08,2026-08-12,29905,34436,386,234,88721.76,196.68
CMP00387,F020,Family Meal Combo,Search,2025-10-04,2025-10-13,67902,108363,10801,753,60906.09,-10.3
CMP00388,F007,Family Meal Combo,Search,2025-12-25,2026-01-12,32501,114682,22380,629,149814.06,360.95
CMP00389,F031,Student Meal Offer,Search,2026-02-07,2026-02-18,59247,37996,3452,623,234272.17,295.42
CMP00390,F020,Family Feast Weekend,Festival,2026-03-18,2026-04-07,68321,90631,4751,1571,94582.89,38.44
CMP00391,F048,Weekend Pizza Deal,Search,2026-07-09,2026-07-17,72715,112800,16986,624,88930.38,22.3
CMP00392,F047,Weekend Pizza Deal,Local Promotion,2026-08-24,2026-09-10,55983,70451,4594,1660,53420.29,-4.58
CMP00393,F011,Festive Dinner Promotion,Loyalty,2025-10-16,2025-10-31,65963,43056,7012,910,219375.84,232.57
CMP00394,F014,Loyalty Customer Offer,Loyalty,2025-10-10,2025-10-16,66977,54345,10508,1119,55406.39,-17.28
CMP00395,F035,Delivery Special,Social Media,2026-03-04,2026-03-11,55803,17241,1757,691,189368.77,239.35
CMP00396,F012,Chef Special Promotion,Social Media,2025-10-22,2025-10-31,23550,7605,845,362,97370.85,313.46
CMP00397,F047,Loyalty Customer Offer,Search,2026-05-28,2026-06-04,12422,28904,5673,1030,26795.97,115.71
CMP00398,F022,New Menu Launch,Local Promotion,2025-12-13,2025-12-29,28056,121622,16477,427,19780.64,-29.5
CMP00399,F006,Festive Dinner Promotion,Social Media,2025-09-20,2025-10-11,66819,119008,2451,758,314622.08,370.86
CMP00400,F004,Delivery Special,Local Promotion,2026-07-16,2026-07-21,20276,119039,18300,1594,43036.83,112.26
CMP00401,F039,Student Meal Offer,Loyalty,2026-06-09,2026-06-19,52529,112299,232,147,112390.79,113.96
CMP00402,F034,Family Feast Weekend,Search,2025-09-10,2025-09-16,72778,64476,3371,1713,268967.78,269.57
CMP00403,F010,Loyalty Customer Offer,Social Media,2026-03-27,2026-04-03,66744,34295,6386,1806,291567.88,336.85
CMP00404,F007,Delivery Special,Search,2026-04-02,2026-04-23,67014,60020,11398,833,308270.36,360.01
CMP00405,F001,Family Meal Combo,Local Promotion,2025-10-28,2025-11-06,38084,147010,22397,1474,117860.43,209.47
CMP00406,F024,Family Meal Combo,Search,2026-07-19,2026-08-08,73985,146698,20277,1158,213482.89,188.55
CMP00407,F002,Delivery Special,Search,2026-02-01,2026-02-16,71708,58940,886,284,152431.94,112.57
CMP00408,F048,Weekend Pizza Deal,Search,2026-02-07,2026-02-18,11367,43864,501,155,41358.66,263.85
CMP00409,F040,Family Feast Weekend,Local Promotion,2026-05-25,2026-06-10,61872,124692,11463,1834,43477.83,-29.73
CMP00410,F047,Loyalty Customer Offer,Loyalty,2026-07-05,2026-07-24,20725,139480,15248,1625,22990.69,10.93
CMP00411,F015,Family Meal Combo,Festival,2026-06-29,2026-07-12,31654,143992,20797,44,130115.81,311.06
CMP00412,F014,Student Meal Offer,Local Promotion,2026-07-05,2026-07-25,47173,95250,12838,444,110640.87,134.54
CMP00413,F021,Loyalty Customer Offer,Local Promotion,2026-02-26,2026-03-16,19246,47409,7535,1140,31832.9,65.4
CMP00414,F045,Lunch Combo Campaign,Social Media,2026-04-30,2026-05-19,18052,100089,18421,832,71641.23,296.86
CMP00415,F014,Chef Special Promotion,Search,2025-09-18,2025-10-05,63756,57742,8904,1455,86941.72,36.37
CMP00416,F009,Monsoon Food Festival,Search,2026-02-10,2026-02-20,47824,27061,3447,747,156425.2,227.09
CMP00417,F008,Student Meal Offer,Social Media,2025-09-10,2025-09-27,43728,62265,4393,1707,209257.59,378.54
CMP00418,F048,Loyalty Customer Offer,Search,2026-05-05,2026-05-08,34226,72909,12765,647,91904.85,168.52
CMP00419,F026,Student Meal Offer,Loyalty,2026-06-06,2026-06-11,53855,85311,12845,456,142396.17,164.41
CMP00420,F033,Delivery Special,Search,2026-06-20,2026-07-09,71118,30964,2745,1951,313922.53,341.41
CMP00421,F043,Weekend Biryani Offer,Festival,2026-06-05,2026-06-17,43687,46287,8039,1219,124068.02,183.99
CMP00422,F032,Student Meal Offer,Loyalty,2026-03-01,2026-03-19,49582,122224,15526,1594,175212.95,253.38
CMP00423,F003,Family Feast Weekend,Social Media,2025-12-29,2026-01-09,14916,147561,19558,1524,34022.87,128.1
CMP00424,F032,Delivery Special,Social Media,2025-10-26,2025-10-29,37724,64244,6397,270,121225.93,221.35
CMP00425,F022,Monsoon Food Festival,Search,2026-06-10,2026-06-14,62103,34981,6243,1427,288528.71,364.6
CMP00426,F012,Weekend Pizza Deal,Festival,2026-04-02,2026-04-17,32074,116180,17958,363,111053.88,246.24
CMP00427,F037,New Menu Launch,Social Media,2026-07-28,2026-08-05,40560,105003,10278,1709,175203.9,331.96
CMP00428,F030,Weekend Pizza Deal,Social Media,2026-07-24,2026-08-03,58074,69829,489,126,82923.96,42.79
CMP00429,F024,Weekend Pizza Deal,Search,2025-09-20,2025-10-06,34733,25079,271,222,43371.04,24.87
CMP00430,F044,Student Meal Offer,Search,2026-04-08,2026-04-13,64991,71193,10073,1749,213923.04,229.16
CMP00431,F011,Weekend Biryani Offer,Search,2026-04-13,2026-04-18,54216,8689,1008,34,225567.46,316.05
CMP00432,F046,Chef Special Promotion,Local Promotion,2025-09-10,2025-09-29,67726,78902,7484,1798,198401.14,192.95
CMP00433,F013,Delivery Special,Local Promotion,2026-05-03,2026-05-11,20777,14615,998,797,57859.57,178.48
CMP00434,F003,Weekend Biryani Offer,Festival,2026-04-15,2026-04-25,23645,63939,4407,1214,21120.02,-10.68
CMP00435,F039,Lunch Combo Campaign,Social Media,2026-05-01,2026-05-16,32056,136860,3157,855,68902.51,114.94
CMP00436,F024,Weekend Biryani Offer,Loyalty,2026-08-06,2026-08-17,17340,81472,9238,957,37648.05,117.12
CMP00437,F034,Weekend Pizza Deal,Search,2026-06-10,2026-06-17,72995,16970,320,245,91467.28,25.31
CMP00438,F012,New Menu Launch,Social Media,2025-11-14,2025-12-02,11737,16911,253,216,39505.46,236.59
CMP00439,F023,Weekend Biryani Offer,Local Promotion,2026-04-01,2026-04-17,38315,92470,9937,1832,88665.56,131.41
CMP00440,F009,Monsoon Food Festival,Loyalty,2026-08-05,2026-08-16,15116,61090,9018,116,63459.18,319.81
CMP00441,F031,Family Feast Weekend,Search,2026-05-15,2026-06-01,39313,63635,545,537,110234.52,180.4
CMP00442,F005,Chef Special Promotion,Social Media,2025-10-16,2025-10-26,64900,69994,890,848,160099.13,146.69
CMP00443,F001,Festive Dinner Promotion,Festival,2026-05-15,2026-05-25,10173,68616,13476,581,39645.25,289.71
CMP00444,F010,Delivery Special,Local Promotion,2026-04-06,2026-04-14,11219,23760,3437,1478,43591.08,288.55
CMP00445,F030,Chef Special Promotion,Loyalty,2026-05-26,2026-06-12,54914,65108,9615,1441,181469.63,230.46
CMP00446,F006,Weekend Biryani Offer,Social Media,2025-10-18,2025-10-24,50655,43628,5168,527,208720.88,312.04
CMP00447,F036,Family Meal Combo,Festival,2026-04-20,2026-04-28,40029,112667,1323,612,58271.56,45.57
CMP00448,F010,Festive Dinner Promotion,Search,2026-01-26,2026-02-05,69913,148939,26995,855,58834.62,-15.85
CMP00449,F004,Student Meal Offer,Festival,2025-12-08,2025-12-25,30032,73547,3495,1984,95343.82,217.47
CMP00450,F002,Chef Special Promotion,Festival,2025-11-01,2025-11-05,57824,78485,13746,1189,114000.75,97.15
CMP00451,F022,Lunch Combo Campaign,Search,2025-10-26,2025-10-31,61705,58932,3428,1607,198598.69,221.85
CMP00452,F012,Family Feast Weekend,Search,2026-04-04,2026-04-17,47100,119406,2415,1972,132184.3,180.65
CMP00453,F024,Chef Special Promotion,Social Media,2026-07-06,2026-07-23,55179,37181,6835,450,217193.54,293.62
CMP00454,F024,Family Feast Weekend,Social Media,2025-10-31,2025-11-17,70954,122448,11035,1513,102746.23,44.81
CMP00455,F026,Weekend Biryani Offer,Social Media,2026-02-07,2026-02-19,38907,133788,1586,203,147945.45,280.25
CMP00456,F005,Loyalty Customer Offer,Search,2025-12-04,2025-12-12,64568,93476,6817,1484,68963.09,6.81
CMP00457,F037,Student Meal Offer,Social Media,2026-01-09,2026-01-26,30757,143426,19247,112,64021.64,108.15
CMP00458,F040,New Menu Launch,Loyalty,2025-10-20,2025-10-24,33256,148281,14216,818,158970.52,378.02
CMP00459,F003,Delivery Special,Search,2025-10-07,2025-10-28,25539,53941,2181,1362,52183.55,104.33
CMP00460,F003,Chef Special Promotion,Festival,2025-12-25,2026-01-11,27715,55307,3219,641,105910.32,282.14
CMP00461,F015,Delivery Special,Search,2026-01-07,2026-01-24,31125,17574,1237,396,37035.76,18.99
CMP00462,F020,Lunch Combo Campaign,Loyalty,2026-05-05,2026-05-11,46019,131981,9732,1959,144232.64,213.42
CMP00463,F022,Delivery Special,Festival,2026-03-18,2026-03-26,72887,101338,8398,891,214859.22,194.78
CMP00464,F015,Delivery Special,Festival,2025-09-14,2025-09-18,31847,35322,5484,1324,66825.65,109.83
CMP00465,F030,Family Meal Combo,Local Promotion,2026-08-17,2026-08-20,23146,141081,19267,1708,68272.52,194.96
CMP00466,F005,Weekend Biryani Offer,Loyalty,2025-11-10,2025-11-20,50280,145718,29060,1392,158367.86,214.97
CMP00467,F002,Student Meal Offer,Search,2026-02-02,2026-02-23,27359,122126,16437,735,67486.44,146.67
CMP00468,F044,New Menu Launch,Festival,2026-05-04,2026-05-15,28854,134498,21436,500,77091.7,167.18
CMP00469,F019,Monsoon Food Festival,Festival,2025-11-29,2025-12-16,61645,66613,8226,178,70632.49,14.58
CMP00470,F033,Festive Dinner Promotion,Social Media,2026-04-01,2026-04-05,24493,53031,3767,1743,58349.4,138.23
CMP00471,F007,Lunch Combo Campaign,Social Media,2026-08-04,2026-08-20,37311,129382,14605,1057,70751.39,89.63
CMP00472,F024,Delivery Special,Festival,2026-02-08,2026-03-01,71207,141113,4152,378,200839.79,182.05
CMP00473,F005,Loyalty Customer Offer,Search,2026-02-12,2026-03-02,62285,37946,6986,120,157537.71,152.93
CMP00474,F034,Loyalty Customer Offer,Social Media,2026-02-14,2026-03-01,55535,81769,1421,1399,45327.52,-18.38
CMP00475,F041,Weekend Biryani Offer,Loyalty,2025-10-25,2025-11-12,17323,92995,4376,826,13038.98,-24.73
CMP00476,F019,Monsoon Food Festival,Local Promotion,2026-05-20,2026-06-08,13341,70628,13925,1875,60113.95,350.6
CMP00477,F010,Loyalty Customer Offer,Social Media,2026-08-19,2026-09-03,48289,7432,1328,632,205250.53,325.05
CMP00478,F028,Family Feast Weekend,Festival,2025-12-24,2025-12-31,71122,58539,3883,45,232035.55,226.25
CMP00479,F014,Family Feast Weekend,Local Promotion,2026-02-08,2026-02-24,40286,76760,12729,1426,90547.68,124.76
CMP00480,F043,Family Feast Weekend,Loyalty,2025-10-31,2025-11-06,47035,88380,16866,1333,211170.27,348.96
CMP00481,F023,Family Feast Weekend,Local Promotion,2025-09-17,2025-10-08,68112,113349,12307,820,279991.52,311.08
CMP00482,F026,Monsoon Food Festival,Local Promotion,2025-12-26,2026-01-05,72039,109247,1367,169,226472.06,214.37
CMP00483,F027,Festive Dinner Promotion,Search,2025-12-13,2025-12-29,32159,100782,15039,1949,90736.5,182.15
CMP00484,F028,Weekend Pizza Deal,Festival,2025-10-26,2025-11-14,21586,50221,8434,496,25884.43,19.91
CMP00485,F045,New Menu Launch,Festival,2026-06-12,2026-06-20,56712,64626,2681,420,127118.44,124.15
CMP00486,F022,Loyalty Customer Offer,Loyalty,2026-04-13,2026-04-20,64912,112130,19267,1463,301654.22,364.71
CMP00487,F016,Weekend Biryani Offer,Festival,2026-03-16,2026-03-26,46370,113627,17856,1199,67557.14,45.69
CMP00488,F050,Festive Dinner Promotion,Loyalty,2026-06-16,2026-07-04,46922,28812,4008,1440,208469.48,344.29
CMP00489,F022,Family Feast Weekend,Local Promotion,2026-03-10,2026-03-31,54229,145202,6924,260,81625.76,50.52
CMP00490,F035,New Menu Launch,Festival,2025-11-07,2025-11-16,28443,127503,18064,1563,47696.51,67.69
CMP00491,F043,Delivery Special,Social Media,2025-12-12,2025-12-21,64193,77137,14754,1440,256745.83,299.96
CMP00492,F034,Weekend Pizza Deal,Festival,2026-03-20,2026-03-23,67235,52371,5378,364,235403.34,250.12
CMP00493,F012,New Menu Launch,Festival,2025-11-04,2025-11-17,19053,72222,1233,509,58109.76,204.99
CMP00494,F016,Delivery Special,Search,2026-01-17,2026-01-29,11952,12577,847,224,26145.96,118.76
CMP00495,F004,Lunch Combo Campaign,Social Media,2026-06-16,2026-06-27,22174,129539,12363,750,58055.4,161.82
CMP00496,F031,Weekend Biryani Offer,Loyalty,2026-02-12,2026-03-04,52356,60166,4052,412,118339.75,126.03
CMP00497,F041,Loyalty Customer Offer,Local Promotion,2025-10-06,2025-10-10,20540,149222,23024,1506,64912.92,216.03
CMP00498,F013,Family Meal Combo,Festival,2026-07-08,2026-07-17,31497,118091,1736,635,123368.56,291.68
CMP00499,F038,Student Meal Offer,Local Promotion,2026-04-26,2026-05-07,44810,100636,20108,1494,143856.75,221.04
CMP00500,F016,Delivery Special,Social Media,2026-06-13,2026-07-01,71029,92108,2484,925,187504.5,163.98
